{
  "config": {
    "run_name": "exp1_2_L8_K128",
    "out_dir": "./results",
    "seed": 227788835,
    "device": null,
    "bs_train": 128,
    "bs_test": 32,
    "batches": 100,
    "epochs": 75,
    "early_stopping": 5,
    "checkpoints": null,
    "lr": 0.0005,
    "reg": 0.002,
    "filters_per_layer": [
      128
    ],
    "pool_every": 4,
    "hidden_dims": [
      100
    ],
    "model_type": "cnn",
    "kw": {},
    "layers_per_block": 8
  },
  "results": {
    "num_epochs": 0,
    "train_loss": [
      2.3041066086810567,
      2.303508778667206,
      2.3031603857074554,
      2.302944239448099,
      2.302817265395923,
      2.302734299998759,
      2.302689209008766,
      2.3026545486791665,
      2.3026341611467056,
      2.3026228566913653,
      2.302613083968687,
      2.302608530844569,
      2.302604060038886,
      2.3026036667396954,
      2.3026017746352174,
      2.302605008835073,
      2.3026003038791742,
      2.302602108787088,
      2.302600671568185,
      2.3026012331628434,
      2.302598480068509,
      2.302600100217268,
      2.302598104452538,
      2.3026001398520703,
      2.3026007776675015,
      2.302600527663365,
      2.3026021136652175,
      2.3026004008319982,
      2.3025988367817285,
      2.3025997703337606,
      2.3025986599495343,
      2.302601702073041,
      2.302600169730613,
      2.302600543517286,
      2.3025999709468365,
      2.3025999685077716,
      2.302600400222232,
      2.3026011069412426,
      2.3025991172741747,
      2.30259648735261,
      2.302600156315757,
      2.3026031838048753,
      2.302602155739084,
      2.30260199963894,
      2.3026021935445877,
      2.3026018441485627,
      2.302599098371423,
      2.3026004544914227,
      2.3025997270403615,
      2.302597647737664,
      2.302601117917034,
      2.302601568534246,
      2.3025997239915306,
      2.3026006697388866,
      2.302599098981189,
      2.3026021325679693,
      2.3026012014550017,
      2.302601558168221,
      2.3026005319317284,
      2.302602491720253,
      2.3026034216136884,
      2.302602269155595,
      2.3026012965785267,
      2.3026011984061707,
      2.302601451459138,
      2.302601552680325,
      2.302601147185811,
      2.3026023319615123,
      2.3026029740453073,
      2.3026015240213145,
      2.302603391125379,
      2.3026026655036165,
      2.30260139840948,
      2.302601369140703,
      2.302604039916602
    ],
    "train_acc": [
      10.0,
      10.0,
      10.0,
      10.0,
      10.0,
      9.932,
      10.0,
      10.0,
      10.0,
      9.998,
      9.946,
      9.872,
      9.97,
      9.846,
      9.796,
      9.918,
      9.892,
      9.752,
      9.94,
      9.958,
      9.958,
      9.936,
      9.804,
      9.878,
      9.716,
      9.874,
      9.832,
      9.762,
      9.746,
      9.654,
      9.888,
      9.76,
      9.972,
      9.738,
      9.844,
      9.876,
      9.888,
      9.968,
      9.688,
      9.91,
      9.874,
      9.848,
      9.838,
      9.75,
      9.918,
      9.796,
      9.846,
      9.818,
      9.762,
      9.812,
      9.694,
      9.922,
      9.808,
      9.7,
      9.812,
      9.772,
      9.782,
      9.9,
      9.848,
      9.804,
      9.81,
      9.818,
      9.874,
      9.688,
      9.846,
      9.846,
      9.796,
      9.91,
      10.036,
      9.798,
      9.826,
      9.676,
      9.904,
      9.846,
      9.76
    ],
    "test_loss": [
      2.3037483037089386,
      2.303309029283615,
      2.3030230427702394,
      2.3028491190828073,
      2.302760598758539,
      2.302686467338294,
      2.3026460451059068,
      2.3026193871665686,
      2.3026065818798807,
      2.3025945139388306,
      2.3025941643090295,
      2.3025860215147462,
      2.302585837178337,
      2.302583807192671,
      2.3025843883855655,
      2.302582751447781,
      2.302582159590797,
      2.3025816873239635,
      2.3025808387671036,
      2.3025815395501477,
      2.3025805721648585,
      2.302580553121841,
      2.3025803619299454,
      2.302580741266854,
      2.3025808509546346,
      2.3025808235326894,
      2.3025810421465303,
      2.302581598202641,
      2.302581431385808,
      2.3025811434553836,
      2.3025812348618673,
      2.302581296561244,
      2.3025814862296987,
      2.302581606581569,
      2.302581940215236,
      2.3025818419532653,
      2.3025816141987763,
      2.302581679706756,
      2.3025819356449113,
      2.3025818312891757,
      2.3025820445709715,
      2.302582426954763,
      2.30258206437571,
      2.302582168731446,
      2.3025826158614966,
      2.3025824353336906,
      2.302582612814614,
      2.3025829076005246,
      2.3025825663496513,
      2.3025825351191025,
      2.302582784963492,
      2.302583071370475,
      2.3025831513511488,
      2.302583254945164,
      2.3025830759407993,
      2.3025832084802014,
      2.3025833958634934,
      2.302583262562371,
      2.3025832610389294,
      2.302583434711249,
      2.302583667797783,
      2.3025836693212245,
      2.3025835626803266,
      2.3025838704154897,
      2.302583714262746,
      2.30258376225115,
      2.3025837873879333,
      2.3025839389703524,
      2.3025838902202276,
      2.3025841370177345,
      2.3025839168804523,
      2.3025840616073854,
      2.30258406693943,
      2.302584127877086,
      2.302584473698284
    ],
    "test_acc": [
      10.0,
      10.0,
      10.0,
      10.0,
      10.0,
      10.0,
      10.0,
      10.0,
      10.0,
      10.0,
      10.0,
      10.0,
      10.0,
      10.0,
      10.0,
      10.0,
      10.0,
      9.74,
      10.0,
      10.0,
      10.0,
      10.05,
      10.34,
      10.0,
      10.03,
      10.0,
      10.0,
      10.0,
      10.0,
      10.29,
      10.0,
      10.0,
      10.0,
      10.03,
      10.0,
      10.0,
      10.0,
      10.0,
      10.09,
      10.0,
      10.0,
      10.0,
      10.0,
      10.0,
      10.0,
      10.0,
      10.0,
      13.57,
      10.0,
      10.0,
      10.0,
      10.0,
      10.0,
      10.0,
      10.0,
      10.0,
      10.0,
      10.0,
      10.0,
      10.0,
      10.0,
      10.0,
      10.0,
      10.0,
      10.0,
      10.0,
      10.0,
      10.0,
      10.0,
      10.0,
      10.0,
      10.0,
      10.0,
      10.0,
      10.0
    ]
  }
}