{
  "config": {
    "run_name": "exp1_2_L8_K64",
    "out_dir": "./results",
    "seed": 143460167,
    "device": null,
    "bs_train": 128,
    "bs_test": 32,
    "batches": 100,
    "epochs": 75,
    "early_stopping": 5,
    "checkpoints": null,
    "lr": 0.0005,
    "reg": 0.002,
    "filters_per_layer": [
      64
    ],
    "pool_every": 4,
    "hidden_dims": [
      100
    ],
    "model_type": "cnn",
    "kw": {},
    "layers_per_block": 8
  },
  "results": {
    "num_epochs": 0,
    "train_loss": [
      2.3046069724480516,
      2.3038033304921806,
      2.3033458308490644,
      2.303059074275024,
      2.302886848864348,
      2.3027827599469353,
      2.3027173295960095,
      2.302674653889883,
      2.302650737030732,
      2.302631302562821,
      2.302618784063003,
      2.302611179668885,
      2.3026090900001623,
      2.302606094218886,
      2.3026049234678068,
      2.3026026063562965,
      2.302602832579552,
      2.30260250818394,
      2.3026008105948756,
      2.302605185667267,
      2.302601720975793,
      2.302600530712196,
      2.302599563013257,
      2.302601102063113,
      2.3026028850194438,
      2.3026027825787243,
      2.302602664284084,
      2.3026015325580413,
      2.3026021593976815,
      2.3026033447831487,
      2.302603266733077,
      2.302603939914947,
      2.3026024722077354,
      2.302603508200487,
      2.3026013484086527,
      2.3026022307403253,
      2.3026032362447677,
      2.302604865540019,
      2.3026014898744083,
      2.302599927043671,
      2.3026025148913685,
      2.3026026136734905,
      2.302603058802807,
      2.3026040704049113,
      2.302602082567142,
      2.30260240269439,
      2.302602771602933,
      2.302600882547286,
      2.302602366108419,
      2.302603671008059,
      2.302604950297519,
      2.3026002593662427,
      2.302602748431818,
      2.3026019929315122,
      2.3026014868255773,
      2.3026031362431127,
      2.302602311229462,
      2.3026040454044976,
      2.302602544160145,
      2.302603318563203,
      2.3026038649137064,
      2.3026009429141383,
      2.3026015563389226,
      2.3026048765158103,
      2.302600725837376,
      2.302602958191386,
      2.3026014191415305,
      2.302601998419408,
      2.3026025911121417,
      2.3026047655383644,
      2.3026017325613504,
      2.3026039441833106,
      2.302601330115667,
      2.302602699650523,
      2.3026018276848754
    ],
    "train_acc": [
      10.0,
      10.0,
      10.0,
      10.0,
      10.0,
      10.0,
      10.0,
      10.0,
      10.0,
      9.946,
      9.948,
      9.906,
      10.0,
      9.79,
      9.922,
      9.836,
      10.0,
      9.844,
      9.932,
      9.9,
      9.898,
      9.95,
      9.8,
      9.872,
      9.86,
      9.712,
      9.842,
      9.67,
      9.88,
      9.81,
      9.86,
      9.742,
      9.782,
      9.886,
      9.918,
      9.744,
      9.808,
      9.76,
      9.82,
      9.85,
      9.814,
      9.726,
      9.774,
      9.712,
      9.73,
      9.704,
      9.888,
      9.808,
      9.72,
      9.898,
      9.926,
      9.852,
      9.794,
      9.84,
      9.838,
      9.954,
      9.774,
      9.79,
      9.698,
      9.698,
      9.788,
      9.866,
      9.764,
      9.734,
      9.7,
      9.746,
      9.838,
      9.828,
      9.732,
      9.7,
      9.8,
      9.774,
      9.942,
      9.844,
      9.844
    ],
    "test_loss": [
      2.3041623598470475,
      2.303520913322132,
      2.3031748453268226,
      2.3029444370026027,
      2.3028089543120167,
      2.3027107624200207,
      2.3026773381157044,
      2.302642136716995,
      2.3026095259303863,
      2.3026045617965845,
      2.3025994940687675,
      2.3025916910019166,
      2.3025898354502914,
      2.3025849855745943,
      2.302584521686688,
      2.302584009810378,
      2.3025844203778347,
      2.3025828215260855,
      2.3025832229528946,
      2.3025836220945415,
      2.302582546544913,
      2.302582665373342,
      2.3025832389490293,
      2.3025838993608763,
      2.302583168870725,
      2.302582797912744,
      2.302582734689926,
      2.3025828710379312,
      2.302583645707883,
      2.302583255706885,
      2.302583074417358,
      2.3025833097890542,
      2.302583183343418,
      2.3025833874845656,
      2.3025837424464117,
      2.3025835862936685,
      2.3025834187151144,
      2.3025837416846913,
      2.3025836068601273,
      2.3025835992429204,
      2.302583673129828,
      2.302583515453643,
      2.3025836190476583,
      2.3025838864116244,
      2.302583721879953,
      2.302583982388432,
      2.3025839008843176,
      2.3025837508253395,
      2.302583884888183,
      2.3025840974082583,
      2.30258402352135,
      2.3025841095957893,
      2.3025842238538945,
      2.3025840326619984,
      2.302584125591924,
      2.3025845011202293,
      2.3025842101429217,
      2.3025843358268374,
      2.3025841956702284,
      2.302584261178209,
      2.302584508737436,
      2.302584287838433,
      2.3025843327799542,
      2.302584517116364,
      2.302584463034194,
      2.302584728112998,
      2.302584476745167,
      2.302584549870354,
      2.3025847265895565,
      2.3025842109046426,
      2.302584899500155,
      2.3025848294218507,
      2.3025846374682346,
      2.302584725066115,
      2.302584805808509
    ],
    "test_acc": [
      10.0,
      10.0,
      10.0,
      10.0,
      10.0,
      10.0,
      10.0,
      10.0,
      10.0,
      10.0,
      10.0,
      10.0,
      10.0,
      10.0,
      10.0,
      10.0,
      10.0,
      10.0,
      10.0,
      10.0,
      10.0,
      10.0,
      10.02,
      10.0,
      10.0,
      10.0,
      9.87,
      10.0,
      10.0,
      10.0,
      10.0,
      10.0,
      10.0,
      10.0,
      10.0,
      11.77,
      10.0,
      10.0,
      10.82,
      10.0,
      10.0,
      9.96,
      10.0,
      10.0,
      10.0,
      9.98,
      10.0,
      10.0,
      10.0,
      10.0,
      10.0,
      10.0,
      10.0,
      10.0,
      10.0,
      10.0,
      10.0,
      10.0,
      10.0,
      10.0,
      10.0,
      10.0,
      10.0,
      10.0,
      10.02,
      10.0,
      10.0,
      10.0,
      10.0,
      10.0,
      10.0,
      10.0,
      10.0,
      10.0,
      10.0
    ]
  }
}