{
  "config": {
    "run_name": "exp1_2_L8_K32",
    "out_dir": "./results",
    "seed": 1109858573,
    "device": null,
    "bs_train": 128,
    "bs_test": 32,
    "batches": 100,
    "epochs": 75,
    "early_stopping": 5,
    "checkpoints": null,
    "lr": 0.0005,
    "reg": 0.002,
    "filters_per_layer": [
      32
    ],
    "pool_every": 4,
    "hidden_dims": [
      100
    ],
    "model_type": "cnn",
    "kw": {},
    "layers_per_block": 8
  },
  "results": {
    "num_epochs": 0,
    "train_loss": [
      2.3032970288220573,
      2.3030202279005514,
      2.3028470354007027,
      2.3027510661298356,
      2.3026955883826137,
      2.302662642105766,
      2.3026384935354636,
      2.3026250000195123,
      2.30261916028874,
      2.3026151474174634,
      2.3026081308379505,
      2.30260737289858,
      2.3026069314278605,
      2.30260736802045,
      2.3026052490829505,
      2.302608047909749,
      2.302604992981152,
      2.3026059722656482,
      2.3026060808040296,
      2.3026082966943533,
      2.302609602203759,
      2.3026061637322313,
      2.3026035100297855,
      2.302603971622789,
      2.3026084643800546,
      2.3026021892762247,
      2.302605510672645,
      2.302605683846242,
      2.3026036082021415,
      2.3026031709997854,
      2.3026051990821235,
      2.3026048996869255,
      2.3026035332009007,
      2.3026036082021415,
      2.3026038862555227,
      2.3026032405131307,
      2.3026075046080763,
      2.3026044362646236,
      2.302603998452501,
      2.302604797246206,
      2.302601897198221,
      2.3026055064042814,
      2.3026030502660806,
      2.3026054728671412,
      2.3026043643122134,
      2.3026066649600367,
      2.3026066771553606,
      2.30260220756921,
      2.302603667349462,
      2.302605301522843,
      2.3026037289358467,
      2.3026067021557743,
      2.302604163089372,
      2.3026070125267633,
      2.3026037740585443,
      2.302605888727681,
      2.3026043124820874,
      2.3026040222333823,
      2.302602378913509,
      2.3026030831934547,
      2.30260625031903,
      2.302604004550163,
      2.302603092339947,
      2.302603084412987,
      2.302601849636458,
      2.302603786253868,
      2.302603361246836,
      2.3026021600074476,
      2.3026044710212963,
      2.302603646617411,
      2.3026036405197496,
      2.3026059247038857,
      2.3026018667099115,
      2.302605234448562,
      2.3026049637123753
    ],
    "train_acc": [
      10.0,
      10.0,
      10.0,
      10.0,
      10.0,
      10.0,
      10.0,
      9.952,
      9.936,
      10.0,
      9.91,
      9.89,
      9.86,
      9.85,
      9.902,
      9.84,
      9.666,
      9.848,
      9.858,
      9.616,
      9.924,
      9.842,
      9.872,
      9.736,
      9.826,
      9.622,
      9.752,
      9.92,
      9.67,
      9.792,
      9.782,
      9.784,
      9.736,
      9.854,
      9.736,
      9.724,
      9.826,
      9.942,
      9.852,
      9.766,
      9.758,
      9.768,
      9.876,
      9.65,
      9.82,
      9.712,
      9.782,
      9.784,
      9.69,
      9.716,
      9.73,
      9.88,
      9.766,
      9.586,
      9.772,
      9.748,
      9.884,
      9.84,
      9.854,
      9.818,
      9.882,
      9.894,
      9.802,
      9.804,
      9.778,
      9.708,
      9.886,
      9.892,
      9.706,
      9.762,
      9.814,
      9.768,
      9.766,
      9.84,
      9.756
    ],
    "test_loss": [
      2.3031081406834026,
      2.3028927809133317,
      2.302765654298825,
      2.3027003085651336,
      2.302656040404932,
      2.302624623996381,
      2.3026068949470884,
      2.302600464500939,
      2.3025951667334708,
      2.3025912865282248,
      2.3025888269320847,
      2.302588570993929,
      2.3025859780966664,
      2.3025851798133727,
      2.302584849226589,
      2.302585585048785,
      2.3025850990709786,
      2.3025848157108784,
      2.3025847136403046,
      2.30258463289791,
      2.3025845742454165,
      2.3025842413734705,
      2.3025844775068873,
      2.302584565104768,
      2.3025844790303287,
      2.302584660319855,
      2.3025846534643692,
      2.3025843076431713,
      2.302584681648035,
      2.3025845871946684,
      2.3025845308273363,
      2.3025846801245935,
      2.302584622995541,
      2.30258486141412,
      2.302584754773222,
      2.3025850030941704,
      2.3025843449674857,
      2.3025850617466643,
      2.30258478524205,
      2.302584714402025,
      2.3025847166871873,
      2.3025849543440455,
      2.3025844973116256,
      2.3025848461797063,
      2.302584597097037,
      2.3025850792662403,
      2.3025848636992823,
      2.3025851965712283,
      2.3025851782899314,
      2.3025853816693584,
      2.3025847479177357,
      2.3025848469414267,
      2.302585001570729,
      2.3025847303981597,
      2.3025844135223488,
      2.3025850533677366,
      2.3025854570797075,
      2.302584951297163,
      2.3025850457505297,
      2.3025848073319506,
      2.302584754773222,
      2.3025852460830736,
      2.3025846633667384,
      2.302584777624843,
      2.3025847715310777,
      2.302584722780953,
      2.3025849345393072,
      2.3025848873126242,
      2.3025850175668636,
      2.302584849226589,
      2.3025848149491575,
      2.3025851021178614,
      2.3025849459651178,
      2.302585118113996,
      2.302584724304394
    ],
    "test_acc": [
      10.0,
      10.0,
      10.0,
      10.0,
      10.0,
      10.0,
      10.0,
      10.0,
      10.0,
      10.0,
      10.0,
      10.0,
      10.0,
      10.0,
      9.99,
      10.0,
      10.0,
      10.0,
      10.0,
      10.37,
      10.0,
      10.0,
      10.0,
      10.0,
      10.0,
      10.13,
      10.0,
      10.0,
      10.32,
      10.0,
      10.0,
      10.0,
      9.87,
      10.0,
      10.0,
      10.0,
      10.0,
      10.0,
      10.0,
      10.0,
      10.0,
      10.0,
      10.32,
      10.0,
      10.0,
      10.0,
      10.0,
      10.0,
      10.0,
      10.0,
      10.09,
      10.0,
      10.0,
      10.0,
      10.0,
      10.0,
      10.0,
      10.0,
      10.0,
      10.0,
      10.0,
      10.0,
      10.0,
      10.0,
      10.0,
      10.0,
      11.44,
      10.0,
      10.0,
      10.0,
      10.0,
      10.0,
      10.0,
      10.0,
      10.0
    ]
  }
}