{
  "config": {
    "run_name": "exp1_3_L4_K64-128",
    "out_dir": "./results",
    "seed": 1519860170,
    "device": null,
    "bs_train": 128,
    "bs_test": 32,
    "batches": 100,
    "epochs": 75,
    "early_stopping": 30,
    "checkpoints": null,
    "lr": 0.0005,
    "reg": 0.002,
    "filters_per_layer": [
      64,
      128
    ],
    "pool_every": 4,
    "hidden_dims": [
      100
    ],
    "model_type": "cnn",
    "kw": {},
    "layers_per_block": 4
  },
  "results": {
    "num_epochs": 0,
    "train_loss": [
      2.3033070936227396,
      2.3030112466543837,
      2.3028460719701274,
      2.302751928339224,
      2.3026921730822005,
      2.302660261578572,
      2.30263263002381,
      2.3026194188296034,
      2.302613265679011,
      2.3026070387467095,
      2.3026057875064936,
      2.3025991331280955,
      2.3025974367585635,
      2.302599855701027,
      2.3025959403923406,
      2.3025983605543368,
      2.302598041646621,
      2.3025960940534196,
      2.3025969318721606,
      2.3025985032396243,
      2.3025951550134915,
      2.3025945519547326,
      2.3025944531726106,
      2.302595498311855,
      2.302594523295722,
      2.302596408692772,
      2.3025947818365853,
      2.3025966147937433,
      2.302595214770578,
      2.302598106891603,
      2.3025959836857397,
      2.302596646501585,
      2.3025959696611173,
      2.3025960806385637,
      2.302595188550632,
      2.3025988751969986,
      2.302595859903204,
      2.3026000752168545,
      2.302597197120452,
      2.3025944537823766,
      2.302599040443635,
      2.3025980142071423,
      2.302596408692772,
      2.302597845911675,
      2.3025980068899483
    ],
    "train_acc": [
      10.0,
      10.0,
      10.0,
      10.0,
      10.0,
      9.982,
      9.854,
      9.794,
      9.966,
      9.932,
      9.792,
      9.99,
      9.952,
      9.8,
      10.056,
      9.928,
      9.98,
      10.226,
      9.992,
      9.952,
      9.916,
      9.986,
      9.834,
      9.962,
      9.822,
      9.992,
      9.978,
      9.962,
      9.852,
      9.9,
      9.95,
      9.922,
      9.878,
      9.932,
      9.992,
      10.156,
      10.0,
      9.85,
      9.92,
      10.116,
      9.822,
      9.882,
      9.748,
      9.916,
      9.87
    ],
    "test_loss": [
      2.3031106086584705,
      2.3028919277861477,
      2.3027596237560433,
      2.3026876373412892,
      2.3026500304286093,
      2.302620839006223,
      2.3026035471846122,
      2.3025912370163795,
      2.302584813425716,
      2.302585433466366,
      2.3025803291759552,
      2.302576876296022,
      2.302577605262732,
      2.3025765457092384,
      2.3025751814674646,
      2.302576200649761,
      2.3025760825830526,
      2.3025751136743224,
      2.3025745545713283,
      2.3025750146506314,
      2.3025743184379115,
      2.3025746962513787,
      2.3025743938482606,
      2.3025754549251958,
      2.3025749026776885,
      2.3025755371910313,
      2.3025754815854205,
      2.3025757101016304,
      2.302575083205494,
      2.302575317053749,
      2.3025756697304334,
      2.302575672777316,
      2.3025755661364182,
      2.302576277583552,
      2.302576391841657,
      2.302576741471458,
      2.3025769722728304,
      2.302576937995399,
      2.3025769433274434,
      2.302576975319713,
      2.3025772282109855,
      2.302577351609739,
      2.3025776981926573,
      2.3025778116890416,
      2.3025779868848026
    ],
    "test_acc": [
      10.0,
      10.0,
      10.0,
      10.0,
      10.0,
      10.0,
      10.0,
      10.0,
      10.0,
      10.45,
      10.0,
      10.0,
      10.0,
      10.0,
      14.2,
      10.0,
      10.99,
      10.18,
      10.0,
      10.0,
      10.0,
      10.0,
      10.0,
      10.0,
      10.0,
      10.0,
      10.0,
      10.0,
      10.0,
      10.0,
      10.0,
      10.0,
      10.0,
      10.0,
      10.0,
      10.0,
      10.25,
      10.0,
      10.0,
      10.0,
      12.4,
      10.0,
      10.0,
      10.0,
      10.0
    ]
  }
}