{
  "config": {
    "run_name": "exp1_4_L2_K64-128-256",
    "out_dir": "./results",
    "seed": 23943324,
    "device": null,
    "bs_train": 128,
    "bs_test": 32,
    "batches": 100,
    "epochs": 75,
    "early_stopping": 5,
    "checkpoints": null,
    "lr": 0.0005,
    "reg": 0.002,
    "filters_per_layer": [
      64,
      128,
      256
    ],
    "pool_every": 4,
    "hidden_dims": [
      100
    ],
    "model_type": "resnet",
    "kw": {},
    "layers_per_block": 2
  },
  "results": {
    "num_epochs": 0,
    "train_loss": [
      2.178697827222097,
      1.9501026201126215,
      1.8573647938725892,
      1.78394556319927,
      1.715133365462808,
      1.6477437049836454,
      1.5921813121537114,
      1.5421268424719496,
      1.495702089860921,
      1.4594256542527768,
      1.4284642526255849,
      1.4019594524827454,
      1.3812948364735869,
      1.3671411647821021,
      1.3439803458845523,
      1.3307717636113277,
      1.3112928562456994,
      1.2912072519512128,
      1.2748519359037394,
      1.2569695531254839,
      1.2396244283222482,
      1.221455267475694,
      1.2057395210046598,
      1.1865299985841717,
      1.1684079504074039,
      1.1515735642379508,
      1.1348499626759678,
      1.1189080527066575,
      1.1063037490295937,
      1.084025306774832,
      1.0636643224664966,
      1.04943501918822,
      1.0346493332282356,
      1.022758078544646,
      0.9939084937200522,
      0.9778592795362253,
      0.9624667344495769,
      0.9457323421602664,
      0.9222629112965616,
      0.9016624614405815,
      0.8852450708903925,
      0.8707994539719408,
      0.8476547344261424,
      0.8299872335570547,
      0.809068700084296,
      0.7872870030915341,
      0.7686387292107048,
      0.7476425911002147,
      0.7295432058746553,
      0.7067302064517574,
      0.6871715144580587,
      0.6627397326099903,
      0.6391846484997693,
      0.6175344889731054,
      0.5980835792506137,
      0.5693095722771666,
      0.5455077639626115,
      0.5260252609582203,
      0.49947743289306035,
      0.4698340063509734,
      0.44593680301285765,
      0.41344226306051857,
      0.3882074604177719,
      0.35475852849233486,
      0.32381008153833696
    ],
    "train_acc": [
      23.268,
      31.18,
      34.858,
      37.432,
      39.656,
      41.962,
      43.786,
      45.398,
      47.046,
      48.502,
      49.334,
      50.41,
      51.334,
      51.918,
      52.796,
      53.152,
      53.858,
      54.566,
      55.25,
      55.982,
      56.57,
      57.304,
      57.832,
      58.344,
      59.34,
      59.758,
      60.548,
      61.048,
      61.516,
      62.3,
      63.098,
      63.894,
      64.452,
      64.676,
      65.838,
      66.326,
      67.016,
      67.702,
      68.706,
      69.346,
      69.906,
      70.634,
      71.282,
      72.002,
      72.8,
      73.81,
      74.474,
      75.366,
      75.912,
      76.7,
      77.504,
      78.302,
      79.316,
      80.032,
      80.874,
      81.968,
      82.776,
      83.576,
      84.592,
      85.708,
      86.696,
      88.018,
      88.914,
      89.99,
      91.28
    ],
    "test_loss": [
      2.036868134626565,
      1.8963954471551572,
      1.8160500297912012,
      1.740241271619218,
      1.675640315293504,
      1.601239266106115,
      1.5600282353715014,
      1.5069188178537753,
      1.4694453123659372,
      1.4451549095086778,
      1.4155899929924134,
      1.4031400899536692,
      1.3765611827563935,
      1.3615042102603485,
      1.3442670556303031,
      1.3436191651386955,
      1.32567528013985,
      1.302398046175131,
      1.2963587978777413,
      1.3044504656578406,
      1.25847186238621,
      1.2434018292366125,
      1.2456574649475634,
      1.2628466027994125,
      1.2114196318787889,
      1.1909677769048526,
      1.223780414547783,
      1.1867013804067057,
      1.1665104372432817,
      1.1778641196485526,
      1.1577348992847407,
      1.1337150333407588,
      1.1141465492903615,
      1.1190108125583051,
      1.1126015862336935,
      1.1008177944265616,
      1.1231238242155446,
      1.120411849440858,
      1.1026121810221443,
      1.0821590149364533,
      1.0623807779516274,
      1.0428573126419665,
      1.0488450980414978,
      1.0518991794829933,
      1.0422347907821972,
      1.007742337335032,
      1.0071128543002157,
      1.0406350528660673,
      1.0324075685712857,
      1.0053290499094576,
      1.0123379121001916,
      1.0386133085424527,
      1.0232464349307953,
      1.0225480368343025,
      1.0340635689874045,
      1.0791573782507984,
      1.0439300897974557,
      1.0500997191610428,
      1.0731334985254672,
      1.0775012021628432,
      1.128628476359212,
      1.1376502024479949,
      1.161162333366589,
      1.208335987866496,
      1.254699580776044
    ],
    "test_acc": [
      26.8,
      32.24,
      36.02,
      38.14,
      40.52,
      43.14,
      44.19,
      46.08,
      47.55,
      48.36,
      49.31,
      50.5,
      51.27,
      51.39,
      51.99,
      52.19,
      52.78,
      53.6,
      53.72,
      53.9,
      54.97,
      55.99,
      55.35,
      54.98,
      57.17,
      57.39,
      56.7,
      57.73,
      58.16,
      57.93,
      58.84,
      59.92,
      60.33,
      59.81,
      59.99,
      60.57,
      60.71,
      60.58,
      61.48,
      62.06,
      63.46,
      63.34,
      63.1,
      62.85,
      63.66,
      64.99,
      64.96,
      64.54,
      64.29,
      65.25,
      65.47,
      65.39,
      65.32,
      65.78,
      65.62,
      64.91,
      66.38,
      65.6,
      66.0,
      66.62,
      65.73,
      65.95,
      65.45,
      65.47,
      65.69
    ]
  }
}