{
  "config": {
    "run_name": "exp1_4_L16_K32",
    "out_dir": "./results",
    "seed": 2107003591,
    "device": null,
    "bs_train": 128,
    "bs_test": 32,
    "batches": 100,
    "epochs": 75,
    "early_stopping": 5,
    "checkpoints": null,
    "lr": 0.0005,
    "reg": 0.002,
    "filters_per_layer": [
      32
    ],
    "pool_every": 4,
    "hidden_dims": [
      100
    ],
    "model_type": "resnet",
    "kw": {},
    "layers_per_block": 16
  },
  "results": {
    "num_epochs": 0,
    "train_loss": [
      2.2993524897738795,
      2.2916622564310916,
      2.2850829493968994,
      2.277055523889449,
      2.2659447180950427,
      2.2483573880646843,
      2.213611918642088,
      2.1383192825805195,
      2.056859061846038,
      2.017363018087109,
      1.9932095852044538,
      1.9749526099475754,
      1.959498953026579,
      1.9408145231359146,
      1.9187331379527022,
      1.894251673422811,
      1.863298493882884,
      1.8304512833085511,
      1.797057182892509,
      1.7548292542967345,
      1.7128422141380018,
      1.6771397236972818,
      1.641607214422787,
      1.615968929837122,
      1.5835685644613202,
      1.5605217761090955,
      1.5403952129051814,
      1.5268180534967681,
      1.5071485152329935,
      1.485063992192983,
      1.4601994170557202,
      1.4495976032198543,
      1.4356958533796813,
      1.4241047731750762,
      1.4158028358083856,
      1.399093388291576,
      1.382173307106623,
      1.3732989306949899,
      1.3606934910235198,
      1.3485349660639263,
      1.3345210582703886,
      1.3216547868440829,
      1.3122839811817764,
      1.2957211351760514,
      1.2803541598722452,
      1.2727755606936677,
      1.2641258597983729,
      1.248828926659606,
      1.2350132668109806,
      1.2265177036795165,
      1.2181783137114153,
      1.2023993918048146,
      1.1901503202250547,
      1.1828190874870477,
      1.1710075446406898,
      1.1559818531851025,
      1.1580843949866721,
      1.1482605463098687,
      1.1356363680661488,
      1.1236286738034709,
      1.1115886229078482,
      1.107728561172095,
      1.0984085659541742,
      1.0825114196828565,
      1.0773181929002942,
      1.0697745476537348,
      1.0603486794949797,
      1.0546371795027458,
      1.0436035400766241,
      1.0339256366500464,
      1.0280725006252298,
      1.0203619512450663,
      1.0166393702902148,
      1.0032777792352545,
      0.9939202782138229
    ],
    "train_acc": [
      10.146,
      12.226,
      14.788,
      16.924,
      18.014,
      19.382,
      20.67,
      22.228,
      24.238,
      25.91,
      27.132,
      28.35,
      29.066,
      29.904,
      30.64,
      31.976,
      33.152,
      34.778,
      35.996,
      37.642,
      39.29,
      40.466,
      41.966,
      42.64,
      43.766,
      44.46,
      45.14,
      45.932,
      46.56,
      47.286,
      48.108,
      48.558,
      49.29,
      49.602,
      49.994,
      50.508,
      51.184,
      51.7,
      52.178,
      52.606,
      52.998,
      53.47,
      53.976,
      54.314,
      54.93,
      55.342,
      55.554,
      56.142,
      56.748,
      57.216,
      57.3,
      58.11,
      58.182,
      58.518,
      59.306,
      59.724,
      59.69,
      59.866,
      60.396,
      60.952,
      61.352,
      61.386,
      61.636,
      62.466,
      62.594,
      62.876,
      63.122,
      63.422,
      63.7,
      64.142,
      64.386,
      64.74,
      64.732,
      65.354,
      65.656
    ],
    "test_loss": [
      2.294981817848766,
      2.288400070354961,
      2.281321600222359,
      2.2719627317909996,
      2.2582198042458237,
      2.234665323751041,
      2.1818811794439443,
      2.083680464817693,
      2.0231240755452897,
      1.9934694576568115,
      1.9728356896878811,
      1.960724784543339,
      1.9385597652520616,
      1.922108075108391,
      1.89543197825313,
      1.8791599304150468,
      1.8473488621818372,
      1.7984948409631991,
      1.75751202517805,
      1.7249497358029642,
      1.6824495937115849,
      1.661734539099014,
      1.6268650857023537,
      1.5959780532331131,
      1.575503323024835,
      1.5572270128292778,
      1.538999565874045,
      1.5001714020110548,
      1.5557640033027234,
      1.4561774083219778,
      1.469186513949507,
      1.440767325341892,
      1.4173496805440884,
      1.4094166117735183,
      1.3971620424867819,
      1.4905451214351593,
      1.4114828953346885,
      1.3611391754196094,
      1.3690674636310662,
      1.357395858239061,
      1.342006210701915,
      1.310138409701399,
      1.3227240660320074,
      1.3207368285130388,
      1.2923294783781132,
      1.2796676644501976,
      1.2817123191425215,
      1.2604776554214308,
      1.2565359798864053,
      1.2560707751554423,
      1.2454417993466314,
      1.220642395674611,
      1.2182022913957176,
      1.199733123230858,
      1.201370046161615,
      1.2048147452144196,
      1.2137245231162246,
      1.1847987795790162,
      1.1749525251099096,
      1.1865305373082147,
      1.1546500504207307,
      1.1774416004126065,
      1.154123938502595,
      1.1517718365778937,
      1.1449374421336018,
      1.1278068286161453,
      1.1403096963803228,
      1.137290971157269,
      1.1252458346918368,
      1.106610889632862,
      1.1046977681092942,
      1.102138897481437,
      1.1225302061333824,
      1.1098586157107124,
      1.120322079132921
    ],
    "test_acc": [
      10.8,
      13.85,
      16.23,
      17.93,
      18.81,
      20.11,
      21.53,
      23.92,
      25.61,
      26.22,
      28.08,
      29.7,
      30.13,
      31.31,
      32.16,
      32.5,
      33.85,
      36.17,
      37.67,
      37.78,
      40.32,
      39.28,
      41.91,
      42.35,
      43.62,
      44.53,
      44.94,
      46.14,
      44.06,
      47.89,
      47.11,
      48.18,
      49.31,
      49.6,
      50.09,
      46.61,
      49.22,
      51.42,
      50.95,
      51.54,
      51.99,
      53.36,
      52.97,
      52.72,
      54.0,
      55.08,
      54.41,
      55.92,
      55.37,
      55.8,
      55.86,
      56.75,
      56.8,
      57.32,
      58.09,
      57.59,
      56.99,
      57.92,
      58.32,
      57.9,
      59.26,
      58.03,
      58.84,
      58.95,
      59.11,
      60.01,
      60.14,
      59.37,
      59.99,
      61.03,
      61.15,
      60.64,
      60.07,
      61.11,
      61.08
    ]
  }
}