{
  "config": {
    "run_name": "exp1_1_L2_K32",
    "out_dir": "./results",
    "seed": 66897884,
    "device": null,
    "bs_train": 128,
    "bs_test": 32,
    "batches": 100,
    "epochs": 75,
    "early_stopping": 5,
    "checkpoints": null,
    "lr": 0.0005,
    "reg": 0.002,
    "filters_per_layer": [
      32
    ],
    "pool_every": 4,
    "hidden_dims": [
      100
    ],
    "model_type": "cnn",
    "kw": {},
    "layers_per_block": 2
  },
  "results": {
    "num_epochs": 0,
    "train_loss": [
      2.225689237989733,
      1.9558999090243483,
      1.8504292946642318,
      1.7744420019866864,
      1.7016232782007787,
      1.639721602125241,
      1.5894562271244996,
      1.5464159808195461,
      1.5131922899304753,
      1.481150732625781,
      1.456834299485092,
      1.4331787906949172,
      1.4068008374680034,
      1.3872561854169803,
      1.3632809804833455,
      1.34395773575434,
      1.3263179829053562,
      1.3036824236135653,
      1.2884528127777608,
      1.2713311654527475,
      1.25342443897901,
      1.23939768905225,
      1.2235054815821635,
      1.2093442675402708,
      1.193693704922181,
      1.1804405400515212,
      1.1644491365803478,
      1.1529746235484053,
      1.136618730052353,
      1.1234234813838968,
      1.1082956190304378,
      1.0931828529633525,
      1.0794513035003486,
      1.0635283865282297,
      1.04786701519471,
      1.030154155648273,
      1.0163967822823683,
      1.0019748047794528,
      0.9873017162618125,
      0.9688931827045157,
      0.9538558288608365,
      0.9367392843641589,
      0.9250647986636442,
      0.9068015330587812,
      0.8948935053842452,
      0.8798318232416802,
      0.861654937114862,
      0.8484939998373047
    ],
    "train_acc": [
      20.674,
      30.996,
      35.266,
      38.238,
      40.536,
      42.698,
      44.408,
      45.922,
      46.956,
      48.122,
      49.16,
      49.532,
      50.858,
      51.448,
      51.968,
      52.986,
      53.694,
      54.378,
      55.074,
      55.644,
      56.322,
      56.766,
      57.312,
      57.98,
      58.378,
      59.064,
      59.44,
      60.018,
      60.73,
      61.174,
      61.906,
      62.382,
      62.822,
      63.442,
      63.776,
      64.532,
      65.164,
      65.706,
      66.176,
      67.086,
      67.608,
      68.13,
      68.634,
      69.332,
      70.088,
      70.324,
      71.296,
      71.726
    ],
    "test_loss": [
      2.0639542802073323,
      1.8908188948616051,
      1.8040953444215817,
      1.7319188963490935,
      1.6658258396215713,
      1.6057328545628264,
      1.5655658614521208,
      1.5209878545980484,
      1.4915039451739278,
      1.4646571185261297,
      1.4668101978759034,
      1.4201121225524633,
      1.416865686067758,
      1.382938076512882,
      1.3811059468470441,
      1.360760744006489,
      1.3636254805345505,
      1.3370956879454299,
      1.3258282852629883,
      1.3200453264644731,
      1.2915305617137458,
      1.3000176337580331,
      1.2696558040932726,
      1.2736310033371654,
      1.2615945931440724,
      1.2584482425698837,
      1.2491521585863619,
      1.2541882205314148,
      1.2315502970363386,
      1.2372294413015104,
      1.2219472668422298,
      1.2240982076611382,
      1.2207461763113832,
      1.2011213171215485,
      1.1923325684504769,
      1.1943632170034293,
      1.190716900954993,
      1.1856928339210182,
      1.1682147269431775,
      1.168941913130946,
      1.1671099302867731,
      1.2075448434192912,
      1.1583386278761842,
      1.1763091226355336,
      1.1651896880076715,
      1.1723437766297558,
      1.1638265690102745,
      1.165559660131558
    ],
    "test_acc": [
      29.13,
      32.55,
      37.1,
      39.7,
      41.23,
      43.45,
      44.39,
      46.39,
      47.2,
      48.34,
      47.85,
      49.95,
      49.9,
      51.51,
      51.23,
      52.05,
      51.91,
      53.16,
      53.08,
      53.24,
      54.53,
      54.37,
      55.26,
      54.94,
      55.26,
      55.83,
      55.77,
      55.51,
      56.37,
      56.4,
      56.49,
      57.02,
      56.79,
      57.8,
      57.95,
      58.26,
      58.48,
      58.48,
      58.97,
      58.75,
      58.97,
      57.48,
      59.44,
      59.07,
      59.43,
      59.22,
      59.39,
      59.27
    ]
  }
}