{
  "config": {
    "run_name": "exp1_2_L4_K64",
    "out_dir": "./results",
    "seed": 1233719548,
    "device": null,
    "bs_train": 128,
    "bs_test": 32,
    "batches": 100,
    "epochs": 75,
    "early_stopping": 5,
    "checkpoints": null,
    "lr": 0.0005,
    "reg": 0.002,
    "filters_per_layer": [
      64
    ],
    "pool_every": 4,
    "hidden_dims": [
      100
    ],
    "model_type": "cnn",
    "kw": {},
    "layers_per_block": 4
  },
  "results": {
    "num_epochs": 0,
    "train_loss": [
      2.3021590197482684,
      2.2951287235445377,
      2.252065884792591,
      2.0932944717309665,
      1.965653341444557,
      1.906831519987882,
      1.8372241947657006,
      1.7659413805398185,
      1.7082207998656251,
      1.6689586800992335,
      1.6307380242116005,
      1.606605949609176,
      1.5892033461109756,
      1.5570046401694608,
      1.5410837846643783,
      1.517954808366878,
      1.4988334651493356,
      1.4767100009162102,
      1.4574865535701937,
      1.4339912495649685,
      1.4165967919332596,
      1.391254816213837,
      1.3678348771751385,
      1.3450464827325337,
      1.3132926524447663,
      1.2897187608587162,
      1.268208984828666,
      1.2458402041888907,
      1.2236491796915487,
      1.1957227287390042,
      1.1706484167472175,
      1.1488041572863488,
      1.1234172384452332,
      1.0947238057470687,
      1.0744252053977887,
      1.0421175929286597,
      1.0198280713747225,
      0.9971542587060758,
      0.9674261988276411,
      0.9438469856596359,
      0.9243239170450079,
      0.8990274358283529,
      0.8706149391810912,
      0.8493595859583687,
      0.8272536834487525,
      0.8041988800248832,
      0.777563074360723,
      0.7573733432670994,
      0.7365101058312389,
      0.7151806320985565,
      0.691122865890298,
      0.6670426483196981,
      0.6465173868267128,
      0.6186881589005365,
      0.5977043007950649,
      0.5726948722701548,
      0.5486394878848434,
      0.5257991499760571,
      0.5056910158880531,
      0.4898026575670218,
      0.4686585454379811,
      0.4467804355313406,
      0.41340211472090554,
      0.3969194744630238,
      0.38049380328801585,
      0.35854208827628503,
      0.33596020414853645,
      0.31857668015810536,
      0.30129177351970504,
      0.29094864786281,
      0.2714586255076291,
      0.25585549225663895,
      0.24903377766728096,
      0.22127246393648256,
      0.19778542138655167
    ],
    "train_acc": [
      11.282,
      10.662,
      14.844,
      25.06,
      30.098,
      32.268,
      35.056,
      37.562,
      39.904,
      41.226,
      42.808,
      43.656,
      44.242,
      45.396,
      45.954,
      46.744,
      47.768,
      48.346,
      49.196,
      50.16,
      50.568,
      51.556,
      52.164,
      52.948,
      54.27,
      55.104,
      55.82,
      56.786,
      57.562,
      58.548,
      59.496,
      60.556,
      61.58,
      62.572,
      63.362,
      64.604,
      65.544,
      66.28,
      67.182,
      68.114,
      68.924,
      70.094,
      70.93,
      71.666,
      72.62,
      73.376,
      74.228,
      75.058,
      75.746,
      76.672,
      77.87,
      78.478,
      79.388,
      80.494,
      81.07,
      82.228,
      82.966,
      83.882,
      84.876,
      85.512,
      86.182,
      87.014,
      88.18,
      88.912,
      89.432,
      90.256,
      91.144,
      91.88,
      92.416,
      92.828,
      93.498,
      94.196,
      94.342,
      95.12,
      96.018
    ],
    "test_loss": [
      2.2999308094049034,
      2.286336261243485,
      2.177920672078483,
      1.9904098967774608,
      1.9338422423353592,
      1.860593855571442,
      1.8022916065618253,
      1.7244870476067637,
      1.691772061414993,
      1.6578550106420304,
      1.6232836414069032,
      1.598354119462327,
      1.5704249589207073,
      1.54831208474339,
      1.547790676450577,
      1.5210323124267042,
      1.5157769815609479,
      1.4899235491554577,
      1.4835814172848345,
      1.4439916123216525,
      1.4416790793117242,
      1.4069648411708138,
      1.3979624153706973,
      1.38021624773836,
      1.3392676006490811,
      1.3431689312663704,
      1.3038391604210242,
      1.2854024278470122,
      1.2734037879556894,
      1.2629237597742782,
      1.2477249421250707,
      1.2202227624079671,
      1.238594471837004,
      1.2194812149285508,
      1.20076469453379,
      1.1855389045450253,
      1.2100624961974902,
      1.178575044241957,
      1.1926532730507775,
      1.1982278231614696,
      1.1876178343836872,
      1.1820763290499727,
      1.2018311153204677,
      1.185369376747753,
      1.2277062552424665,
      1.2079392580178598,
      1.2127528758094714,
      1.2463392609605393,
      1.227469395905638,
      1.2705512364832356,
      1.2709118472501493,
      1.2650612760275697,
      1.3032126139147213,
      1.303133157876353,
      1.3493045273299415,
      1.3498133957005156,
      1.4154083336504122,
      1.41378666093936,
      1.448601024028973,
      1.5231904676927925,
      1.4910908415675543,
      1.5687156458632252,
      1.595155220823928,
      1.689306100907798,
      1.6557197719336318,
      1.73807098385625,
      1.7855717970159488,
      1.8720625740841936,
      1.920268175891413,
      1.9629202855471224,
      2.1356929319735154,
      2.0513005629895975,
      2.1381881680732335,
      2.1976077065300257,
      2.231812160045575
    ],
    "test_acc": [
      12.07,
      10.47,
      20.7,
      29.85,
      30.73,
      33.74,
      35.2,
      39.09,
      39.34,
      41.68,
      42.28,
      43.98,
      44.47,
      45.19,
      45.32,
      46.45,
      46.65,
      46.9,
      47.95,
      48.88,
      48.43,
      50.7,
      50.06,
      51.18,
      53.01,
      52.23,
      54.75,
      55.01,
      55.32,
      55.75,
      56.43,
      57.55,
      55.8,
      56.93,
      58.03,
      58.45,
      58.12,
      59.1,
      58.87,
      59.35,
      59.33,
      59.76,
      58.75,
      60.41,
      59.33,
      60.15,
      59.53,
      59.82,
      59.88,
      58.9,
      59.83,
      59.97,
      59.28,
      60.24,
      60.11,
      60.07,
      59.77,
      60.07,
      59.58,
      58.45,
      59.71,
      59.06,
      60.11,
      59.1,
      59.12,
      59.17,
      59.05,
      59.49,
      58.4,
      58.25,
      58.29,
      58.56,
      59.0,
      58.16,
      59.25
    ]
  }
}