{
  "config": {
    "run_name": "exp1_5_L3_K32-64-128",
    "out_dir": "./results",
    "seed": 94525761,
    "device": "cuda",
    "bs_train": 128,
    "bs_test": 32,
    "batches": 100,
    "epochs": 100,
    "early_stopping": 10,
    "checkpoints": null,
    "lr": 0.0005,
    "reg": 0.002,
    "filters_per_layer": [
      32,
      64,
      128
    ],
    "layers_per_block": 3,
    "pool_every": 1,
    "hidden_dims": [
      100
    ],
    "model_type": "yourcnn",
    "kw": {}
  },
  "results": {
    "num_epochs": 0,
    "train_loss": [
      1.9426579481500494,
      1.6593470780745796,
      1.537576007111298,
      1.4458830691969302,
      1.3887070734482592,
      1.3441178405376346,
      1.2987986205483946,
      1.2608815187688374,
      1.2202052213346866,
      1.1880123435383867,
      1.154360064307747,
      1.1260245416475378,
      1.1025725758594016,
      1.0762224145557568,
      1.054839544741394,
      1.031361131411989,
      1.0176953194696274,
      0.9942263544672896,
      0.9838071258171744,
      0.9588468872067873,
      0.9464418459731294,
      0.9297082576605366,
      0.9120682555696239,
      0.89975555641267,
      0.8834062509829431,
      0.8679643953242875,
      0.8595868571639975,
      0.8460665532695059,
      0.8353896516058451,
      0.818244114556276,
      0.8042034436674679,
      0.7928249796333215,
      0.7859403103818674,
      0.7747058587915757,
      0.7553568794141949,
      0.7439150215719667,
      0.7395518295600286,
      0.7255378595703398,
      0.7163771125666626,
      0.708551490779423,
      0.6990088600941631,
      0.686383574362606,
      0.6738849915659336,
      0.6681234645264228,
      0.6548791188565667,
      0.6461899011488765,
      0.6396677991770723,
      0.6292412691866346,
      0.6266904985508346,
      0.6147732137109313,
      0.6021067788228964,
      0.5943274838692697,
      0.5916782901110247,
      0.5787590528693041,
      0.570788751325339,
      0.5664890721021101,
      0.5584375499307043,
      0.5499363572853605,
      0.5347627280923106,
      0.5303430234837105,
      0.524211184981534,
      0.5167830177127858,
      0.5140037913151714,
      0.49604073951921196,
      0.49790235279161305,
      0.48241995065413473,
      0.4797311695792791,
      0.4692387076290062,
      0.45870681141343567,
      0.455765265409294,
      0.44945303916626267,
      0.4480891185800743,
      0.43839613643601116,
      0.4272731794115832,
      0.42011201572235285,
      0.42095960810056426,
      0.4116242426969206,
      0.4058883874617574,
      0.40204035526956133,
      0.39346520976184884,
      0.3801495540324989,
      0.3766292293586999,
      0.37175684911973034,
      0.37161653685142926
    ],
    "train_acc": [
      27.88,
      38.678,
      44.34,
      47.54,
      49.872,
      51.644,
      53.586,
      54.74,
      56.448,
      57.792,
      59.156,
      60.214,
      61.184,
      62.362,
      63.252,
      63.894,
      64.484,
      65.306,
      65.76,
      66.548,
      67.194,
      67.684,
      68.41,
      68.748,
      69.404,
      69.992,
      70.254,
      70.732,
      71.12,
      71.576,
      72.314,
      72.748,
      72.874,
      73.42,
      73.954,
      74.46,
      74.674,
      75.254,
      75.648,
      75.88,
      76.232,
      76.708,
      76.998,
      77.252,
      77.904,
      78.13,
      78.238,
      78.884,
      78.816,
      79.244,
      79.602,
      80.056,
      80.264,
      80.526,
      80.758,
      81.024,
      81.332,
      81.662,
      82.194,
      82.374,
      82.622,
      82.738,
      82.854,
      83.686,
      83.494,
      84.12,
      84.274,
      84.53,
      84.93,
      85.044,
      85.284,
      85.42,
      85.738,
      86.064,
      86.352,
      86.42,
      86.624,
      86.754,
      86.966,
      87.414,
      87.794,
      87.924,
      88.138,
      88.164
    ],
    "test_loss": [
      1.7342441420966443,
      1.5496251529778917,
      1.477926758150704,
      1.3844377632720022,
      1.3619410626042765,
      1.3036054155697077,
      1.3004325919638808,
      1.226331927715399,
      1.210765833291002,
      1.1917145549298855,
      1.1498889317527747,
      1.1465874668508291,
      1.1386111035895423,
      1.1169911998148543,
      1.059984981632842,
      1.06996836791785,
      1.0756978451634367,
      1.0784111615187062,
      1.0485069806964253,
      1.0760605868440085,
      0.9868319417341068,
      0.9801627027150541,
      1.0086119195904595,
      0.9372692439502801,
      0.9379600645444645,
      0.9487474893990416,
      0.9423598243405644,
      0.9113098306777759,
      0.9307662470462604,
      0.8813983164846707,
      0.9165401686304293,
      0.8919154670291816,
      0.8481510054950897,
      0.8970437149841565,
      0.8471950160238308,
      0.8484600683370718,
      0.8501699618257272,
      0.8348110354365632,
      0.9501633343224327,
      0.8404601819027727,
      0.8215710230338307,
      0.8382310401707792,
      0.8741632062977496,
      0.8412959532806287,
      0.7990136433142824,
      0.8081082758812097,
      0.8296658267228367,
      0.8042790251798904,
      0.798664072260689,
      0.8008119861919659,
      0.8005111843061904,
      0.7981975249969921,
      0.7794341118381427,
      0.7913603698864532,
      0.8286338788442338,
      0.7964711566797842,
      0.804805545189891,
      0.7820295895250461,
      0.7969444074188939,
      0.8205456069102303,
      0.8234154960027518,
      0.7982168349975975,
      0.7773743449879912,
      0.767224593284412,
      0.798203634853942,
      0.7803005167661002,
      0.8040700505335872,
      0.8325025902959866,
      0.7850339640253268,
      0.7850638251430311,
      0.7663141571866057,
      0.783948093462295,
      0.8112790910199809,
      0.7790536611986617,
      0.8123999204688941,
      0.795133813596762,
      0.8805942821045654,
      0.810745979745548,
      0.8298724082331307,
      0.8451355308199081,
      0.8751477679124655,
      0.801871545208148,
      0.8532687135207386,
      0.8601875249951031
    ],
    "test_acc": [
      35.13,
      43.35,
      46.22,
      50.0,
      50.17,
      52.52,
      52.55,
      55.64,
      55.82,
      56.58,
      58.46,
      59.29,
      59.71,
      59.71,
      62.78,
      61.94,
      61.45,
      61.28,
      62.22,
      61.34,
      65.38,
      65.06,
      64.77,
      66.49,
      67.24,
      66.16,
      66.61,
      67.14,
      66.88,
      68.64,
      67.86,
      68.31,
      69.98,
      68.51,
      69.8,
      69.79,
      70.52,
      70.71,
      66.14,
      70.49,
      71.08,
      70.46,
      69.59,
      70.12,
      71.73,
      72.03,
      71.43,
      72.12,
      72.35,
      72.48,
      71.99,
      72.89,
      73.05,
      72.83,
      71.61,
      72.44,
      72.66,
      73.63,
      72.94,
      72.41,
      72.57,
      72.98,
      73.54,
      74.1,
      73.37,
      74.28,
      73.46,
      72.61,
      73.81,
      74.24,
      74.74,
      74.38,
      73.71,
      74.91,
      73.99,
      74.91,
      72.06,
      74.24,
      74.03,
      73.3,
      73.34,
      74.75,
      73.42,
      73.6
    ]
  }
}