{
  "config": {
    "run_name": "exp1_1_L4_K32",
    "out_dir": "./results",
    "seed": 273142453,
    "device": null,
    "bs_train": 128,
    "bs_test": 32,
    "batches": 100,
    "epochs": 75,
    "early_stopping": 5,
    "checkpoints": null,
    "lr": 0.0005,
    "reg": 0.002,
    "filters_per_layer": [
      32
    ],
    "pool_every": 4,
    "hidden_dims": [
      100
    ],
    "model_type": "cnn",
    "kw": {},
    "layers_per_block": 4
  },
  "results": {
    "num_epochs": 0,
    "train_loss": [
      2.3038405304979483,
      2.3022830492395268,
      2.300259320022505,
      2.2946509705175218,
      2.256025664946612,
      2.1283014970057454,
      2.000907815935667,
      1.9113476008100583,
      1.841613286901313,
      1.7672141833073647,
      1.7040887912520972,
      1.66561872056683,
      1.6337059653933397,
      1.604523252953044,
      1.5825581151201291,
      1.5603412237313703,
      1.5385140464129046,
      1.5207117814237199,
      1.5039786947962572,
      1.4825200089408308,
      1.468533418672469,
      1.4519517083302178,
      1.4375025591886867,
      1.4273394724292219,
      1.4126598539254855,
      1.3989354981790723,
      1.3877268002161285,
      1.3742175321749714,
      1.3667223596816782,
      1.3524822954021756,
      1.3392564512579643,
      1.3302261707422984,
      1.3203527518855336,
      1.3107608294547977,
      1.2930286165393527,
      1.2875149676866848,
      1.2673534566484144,
      1.2593051195144653,
      1.2443994704414816,
      1.2293918917855948,
      1.217191481681736,
      1.2046896708590904,
      1.1913693606701043,
      1.1759390588611593,
      1.1640385454877868,
      1.1476026707902893,
      1.132357813360746,
      1.1179094758180097,
      1.1040609000284043,
      1.0879863259737448,
      1.072331862071591,
      1.0586405899518592,
      1.0402511420762142,
      1.0252540302093682,
      1.009740226256573,
      0.9921579735968119,
      0.9760596767410903,
      0.9616084487541862,
      0.9395903181237029,
      0.9218954864670249,
      0.9082887937955539,
      0.8899045960067788,
      0.8705666739007701,
      0.8553077227929059,
      0.8368439393884995,
      0.81656038867848,
      0.8002379458883534,
      0.7827183104232144,
      0.7668160372377967,
      0.7477540642099307,
      0.7260412874124239,
      0.7068414609602955,
      0.6889771564537303,
      0.6705668367388303,
      0.6525260194030869
    ],
    "train_acc": [
      10.416,
      10.0,
      10.022,
      10.686,
      15.304,
      23.8,
      29.83,
      32.44,
      34.984,
      37.84,
      39.978,
      41.25,
      42.564,
      43.63,
      44.232,
      45.15,
      45.954,
      46.484,
      47.064,
      47.868,
      48.132,
      48.748,
      49.322,
      49.612,
      50.37,
      50.602,
      51.086,
      51.542,
      51.778,
      52.396,
      52.788,
      53.142,
      53.652,
      53.924,
      54.238,
      54.714,
      55.5,
      55.802,
      56.248,
      56.974,
      57.516,
      57.84,
      58.256,
      59.234,
      59.226,
      60.248,
      60.834,
      61.312,
      61.742,
      62.35,
      63.144,
      63.554,
      64.112,
      64.892,
      65.642,
      66.068,
      66.63,
      67.368,
      68.234,
      68.752,
      69.22,
      69.946,
      70.806,
      71.294,
      71.966,
      72.826,
      73.434,
      74.33,
      74.686,
      75.464,
      76.376,
      76.904,
      77.726,
      78.534,
      79.01
    ],
    "test_loss": [
      2.3030127496384205,
      2.3014386263899147,
      2.298572266063751,
      2.287844097271514,
      2.188294942386615,
      2.0748557918749677,
      1.9410341909518256,
      1.8668999911878055,
      1.8518920858828023,
      1.7366956975132513,
      1.6987630479251996,
      1.6686178213491227,
      1.6127703822078034,
      1.5981706186605338,
      1.5731506397168096,
      1.5517152109846901,
      1.5492577491857755,
      1.5238993659187048,
      1.508769674803883,
      1.4894981658496795,
      1.4785535381244013,
      1.4665190583219925,
      1.463447296200469,
      1.4526878378261774,
      1.437494682046933,
      1.4259421756854072,
      1.4258181462272668,
      1.4153985122141366,
      1.4087343297827357,
      1.389319035953607,
      1.3786209819796749,
      1.3769132182620967,
      1.363220351953476,
      1.3592329284253593,
      1.3962483166124875,
      1.3350029281153084,
      1.3508957519698828,
      1.3212406503887604,
      1.3286403720371258,
      1.322076184300188,
      1.2909238738373827,
      1.3196499332452354,
      1.30142449685179,
      1.283460864434227,
      1.2858331687153337,
      1.2779250939052327,
      1.2988081959108957,
      1.2632459392562843,
      1.2562764903988701,
      1.269531241430642,
      1.267546112164141,
      1.2468978794999779,
      1.2490652765328891,
      1.2320891498757627,
      1.229181624068239,
      1.242774361238693,
      1.2310922795210402,
      1.222937167452547,
      1.2215269767819121,
      1.2280005186129683,
      1.2242889219579605,
      1.2185094080413112,
      1.211933951979628,
      1.2194814322093805,
      1.2105398391382383,
      1.2369582142692785,
      1.2447534717690831,
      1.2507791772437171,
      1.2529128582332842,
      1.2614948260136687,
      1.2683045249015759,
      1.3027339372010276,
      1.3141356774221975,
      1.3256270780730932,
      1.330589308715857
    ],
    "test_acc": [
      10.0,
      10.0,
      10.04,
      11.54,
      18.98,
      27.4,
      31.31,
      33.55,
      33.84,
      38.19,
      40.03,
      40.65,
      42.65,
      43.37,
      43.85,
      45.29,
      45.61,
      45.9,
      47.03,
      46.69,
      47.7,
      48.07,
      47.97,
      48.46,
      49.24,
      49.28,
      49.83,
      49.55,
      49.75,
      50.83,
      51.21,
      51.14,
      51.62,
      51.52,
      50.58,
      52.48,
      51.99,
      52.9,
      52.59,
      52.54,
      53.77,
      53.08,
      53.69,
      54.22,
      54.64,
      55.05,
      53.97,
      55.28,
      55.43,
      55.19,
      55.41,
      56.38,
      56.08,
      57.03,
      56.83,
      56.9,
      57.1,
      57.38,
      57.84,
      57.95,
      58.2,
      58.29,
      58.51,
      58.81,
      59.5,
      58.68,
      58.97,
      58.7,
      59.05,
      59.21,
      59.2,
      58.96,
      58.15,
      58.63,
      59.07
    ]
  }
}