{
  "config": {
    "run_name": "exp1_3_L4_K64-128",
    "out_dir": "./results",
    "seed": 1020775753,
    "device": null,
    "bs_train": 128,
    "bs_test": 32,
    "batches": 100,
    "epochs": 75,
    "early_stopping": 5,
    "checkpoints": null,
    "lr": 0.0005,
    "reg": 0.002,
    "filters_per_layer": [
      64,
      128
    ],
    "pool_every": 4,
    "hidden_dims": [
      100
    ],
    "model_type": "cnn",
    "kw": {},
    "layers_per_block": 4
  },
  "results": {
    "num_epochs": 0,
    "train_loss": [
      2.3031116245347825,
      2.302905149167151,
      2.3027840526512517,
      2.3027124343930607,
      2.302671383713822,
      2.3026465217170813
    ],
    "train_acc": [
      10.0,
      10.0,
      10.0,
      10.0,
      10.0,
      10.0
    ],
    "test_loss": [
      2.3029859134564385,
      2.302813519304172,
      2.3027161378830003,
      2.302667406039497,
      2.3026407587642486,
      2.302614734576533
    ],
    "test_acc": [
      10.0,
      10.0,
      10.0,
      10.0,
      10.0,
      10.0
    ]
  }
}