{
  "config": {
    "run_name": "exp1_3_L3_K64-128",
    "out_dir": "./results",
    "seed": 171711284,
    "device": null,
    "bs_train": 128,
    "bs_test": 32,
    "batches": 100,
    "epochs": 75,
    "early_stopping": 5,
    "checkpoints": null,
    "lr": 0.0005,
    "reg": 0.002,
    "filters_per_layer": [
      64,
      128
    ],
    "pool_every": 4,
    "hidden_dims": [
      100
    ],
    "model_type": "cnn",
    "kw": {},
    "layers_per_block": 3
  },
  "results": {
    "num_epochs": 0,
    "train_loss": [
      2.3038636869786644,
      2.3031532209547585,
      2.302810936632669,
      2.3026227194939732,
      2.3025146835600325,
      2.3024233271703696
    ],
    "train_acc": [
      10.0,
      10.0,
      10.0,
      10.124,
      10.0,
      10.496
    ],
    "test_loss": [
      2.3034017337396886,
      2.3029281582695225,
      2.3026676170361307,
      2.3025247631743313,
      2.302434448236094,
      2.302348130046369
    ],
    "test_acc": [
      10.0,
      10.0,
      10.0,
      10.0,
      10.0,
      10.0
    ]
  }
}