{
  "config": {
    "run_name": "exp1_1_L16_K32",
    "out_dir": "./results",
    "seed": 1757662386,
    "device": null,
    "bs_train": 128,
    "bs_test": 32,
    "batches": 100,
    "epochs": 75,
    "early_stopping": 5,
    "checkpoints": null,
    "lr": 0.0005,
    "reg": 0.002,
    "filters_per_layer": [
      32
    ],
    "pool_every": 4,
    "hidden_dims": [
      100
    ],
    "model_type": "cnn",
    "kw": {},
    "layers_per_block": 16
  },
  "results": {
    "num_epochs": 0,
    "train_loss": [
      2.3037890369629923,
      2.3033375569316736,
      2.3030502241285866,
      2.3028806207125143,
      2.302775571413357,
      2.302709226413151,
      2.30266953063438,
      2.3026441857028193,
      2.3026304988909865,
      2.302622879252714,
      2.3026144827723196,
      2.3026122577355035,
      2.302609935745864,
      2.3026096259846405,
      2.302607468631871,
      2.302606306417519,
      2.3026073966794613,
      2.3026059594605583,
      2.3026051246906487,
      2.3026069893556484,
      2.3026057009196954,
      2.302605304571674,
      2.3026059923879325,
      2.3026071857003605,
      2.3026049850541916,
      2.3026045051682025,
      2.30260248745189,
      2.3026059911684,
      2.30260567774858,
      2.302604041136134,
      2.3026034002718716,
      2.302605625918454,
      2.3026031002669076,
      2.3026029362398037,
      2.302607115577249,
      2.302604163699138,
      2.3026040917467276,
      2.3026040911369616,
      2.3026029874601632,
      2.3026038862555227,
      2.302602771602933,
      2.302603443565271,
      2.30260377161948,
      2.3026026868454332,
      2.302603577104066,
      2.3026028856292102,
      2.3026055454293175,
      2.3026055789664577,
      2.302606257026458,
      2.302604492972879,
      2.3026022880583468,
      2.3026053460357745,
      2.3026061582443353,
      2.302603045997717,
      2.302604533217447,
      2.3026042576031305,
      2.3026037679608824,
      2.3026042179683284,
      2.302603590518922,
      2.302605678358346,
      2.3026046417558286,
      2.302605018591332,
      2.3026051344469076,
      2.3026041490647495,
      2.302604255773832,
      2.3026028417260447,
      2.3026028935561706,
      2.3026027270900014,
      2.3026031740486164,
      2.302603985037645,
      2.3026029807527353,
      2.3026043240676453,
      2.3026042240659903,
      2.3026033734421594,
      2.302605066762861
    ],
    "train_acc": [
      9.948,
      10.0,
      9.948,
      10.0,
      9.822,
      9.906,
      10.0,
      10.0,
      9.9,
      9.884,
      9.95,
      9.948,
      9.922,
      9.82,
      9.95,
      9.88,
      9.944,
      9.626,
      9.946,
      9.8,
      9.91,
      9.768,
      9.772,
      9.662,
      9.826,
      9.748,
      9.672,
      9.702,
      9.88,
      9.796,
      9.89,
      9.828,
      9.852,
      9.66,
      9.778,
      9.806,
      9.818,
      9.808,
      9.68,
      9.786,
      9.786,
      9.842,
      9.74,
      9.806,
      9.816,
      9.76,
      9.682,
      9.832,
      9.688,
      9.812,
      9.686,
      9.81,
      9.702,
      9.71,
      9.872,
      9.642,
      9.742,
      9.874,
      9.706,
      9.754,
      9.766,
      9.842,
      9.726,
      9.856,
      9.75,
      9.662,
      9.98,
      9.754,
      9.794,
      9.804,
      9.658,
      9.758,
      9.822,
      9.814,
      9.66
    ],
    "test_loss": [
      2.3035079008474137,
      2.3031531294313865,
      2.3029212776464396,
      2.30279282030587,
      2.3027214364121895,
      2.302662847902828,
      2.3026332702880468,
      2.3026136521714182,
      2.302602414505931,
      2.3025985091639023,
      2.302593618917008,
      2.302590680960268,
      2.3025884932984177,
      2.3025859339168657,
      2.3025867573369427,
      2.302585865362003,
      2.3025855896191096,
      2.30258533977472,
      2.3025858539361925,
      2.3025854723141217,
      2.3025850533677366,
      2.3025851097350682,
      2.3025850358481605,
      2.302585096024096,
      2.3025853313957922,
      2.302585083074844,
      2.302584912449407,
      2.3025852369424253,
      2.302585240751029,
      2.3025853839545203,
      2.3025850046176117,
      2.302585189715742,
      2.3025851554383103,
      2.302584984051153,
      2.302584993191801,
      2.3025850312778364,
      2.302585280360505,
      2.3025854113764654,
      2.3025849284455417,
      2.3025850267075123,
      2.3025852156142457,
      2.3025855378221016,
      2.3025849589143697,
      2.3025855515330744,
      2.3025849909066394,
      2.30258522018457,
      2.3025850640318266,
      2.302585088406889,
      2.302585168387562,
      2.3025851798133727,
      2.302585034324719,
      2.30258517676649,
      2.3025851348718516,
      2.3025852613174878,
      2.302585468505518,
      2.3025853504388096,
      2.302585387763124,
      2.302585113543672,
      2.30258510059442,
      2.3025853626263406,
      2.302584830945292,
      2.302585023660629,
      2.30258527502846,
      2.302585388524845,
      2.3025852864542706,
      2.302585146297662,
      2.3025853093058917,
      2.302585607900406,
      2.302585321493423,
      2.3025852795987847,
      2.3025852994035225,
      2.302584988621477,
      2.3025849573909283,
      2.302585108973348,
      2.3025854296577624
    ],
    "test_acc": [
      10.0,
      10.0,
      10.0,
      10.0,
      10.0,
      10.0,
      10.0,
      10.0,
      10.0,
      10.0,
      10.0,
      10.0,
      10.0,
      10.0,
      10.0,
      10.0,
      10.0,
      10.0,
      10.0,
      10.0,
      10.0,
      10.0,
      10.0,
      10.0,
      10.0,
      10.0,
      10.0,
      10.0,
      10.0,
      10.0,
      10.0,
      10.0,
      10.0,
      10.0,
      10.0,
      10.0,
      10.0,
      10.0,
      10.0,
      10.0,
      10.0,
      10.0,
      10.0,
      10.0,
      10.0,
      10.0,
      10.0,
      10.0,
      10.0,
      10.0,
      10.0,
      10.0,
      10.0,
      10.0,
      10.0,
      10.0,
      10.0,
      10.0,
      10.0,
      10.0,
      10.0,
      10.0,
      10.0,
      10.0,
      10.0,
      10.0,
      10.0,
      10.0,
      10.0,
      10.0,
      10.0,
      10.0,
      10.0,
      10.0,
      10.0
    ]
  }
}