{
  "config": {
    "run_name": "exp1_4_L8_K32",
    "out_dir": "./results",
    "seed": 451969005,
    "device": null,
    "bs_train": 128,
    "bs_test": 32,
    "batches": 100,
    "epochs": 75,
    "early_stopping": 5,
    "checkpoints": null,
    "lr": 0.0005,
    "reg": 0.002,
    "filters_per_layer": [
      32
    ],
    "pool_every": 4,
    "hidden_dims": [
      100
    ],
    "model_type": "resnet",
    "kw": {},
    "layers_per_block": 8
  },
  "results": {
    "num_epochs": 0,
    "train_loss": [
      2.2825666919083853,
      2.2243205214400428,
      2.1392394648793407,
      2.0520074626673823,
      1.9918932521434696,
      1.9544703609803145,
      1.9163389096174703,
      1.876686216010462,
      1.8387866047642114,
      1.7906159717408592,
      1.744411748083656,
      1.6984725236282934,
      1.6545039076939263,
      1.6064223660837353,
      1.575315823335477,
      1.5405674538648952,
      1.5124354429562072,
      1.485484473845538,
      1.461580254537675,
      1.4374988316879858,
      1.4143072378909802,
      1.393535272544607,
      1.367786211430874,
      1.3498812962675948,
      1.32963423564306,
      1.3106616360452168,
      1.2869712815565222,
      1.2654536770432807,
      1.246195508391046,
      1.2262338424277732,
      1.2012013078040784,
      1.1859916149807708,
      1.1695311481080701,
      1.1474254852365655,
      1.1281849155035775,
      1.1152539785255862,
      1.0947221762993757,
      1.0784404213776064,
      1.0600371627551515,
      1.0374196520851702,
      1.0269425442761473,
      1.0055455845945023,
      0.9885560789376574,
      0.9743843540511168,
      0.9553509319529814,
      0.9466411201545345,
      0.9240349101288544,
      0.9043620736397746,
      0.8968384078396555,
      0.8733798565767,
      0.8621512424305576,
      0.8447946906089783,
      0.831720914682159,
      0.8129252265481388,
      0.7980280381334407,
      0.7857206994310364,
      0.7738411978382589,
      0.7581996492412694,
      0.7474389053366678,
      0.7276741744917067,
      0.7204254645368328,
      0.6989510117284478,
      0.6852205737167613,
      0.6736195993697857,
      0.6584368373274498,
      0.6422625533912493,
      0.6276344458770264,
      0.6225556025419698,
      0.6074961227986514,
      0.58511140889219
    ],
    "train_acc": [
      15.67,
      22.994,
      26.108,
      27.502,
      29.2,
      30.608,
      32.51,
      34.266,
      35.618,
      37.318,
      38.828,
      40.218,
      41.664,
      43.166,
      44.228,
      45.498,
      46.496,
      47.624,
      48.454,
      49.314,
      50.106,
      50.904,
      51.736,
      52.424,
      53.318,
      53.954,
      54.978,
      55.674,
      56.26,
      57.006,
      57.926,
      58.774,
      59.384,
      60.13,
      60.94,
      61.31,
      62.314,
      62.838,
      63.402,
      64.262,
      64.714,
      65.566,
      66.04,
      66.788,
      67.204,
      67.606,
      68.476,
      69.198,
      69.63,
      70.32,
      70.936,
      71.318,
      71.936,
      72.676,
      73.116,
      73.672,
      74.03,
      74.62,
      75.102,
      75.832,
      76.13,
      76.682,
      77.444,
      77.734,
      78.176,
      78.922,
      79.402,
      79.718,
      80.214,
      81.062
    ],
    "test_loss": [
      2.2584122034688345,
      2.187752572873149,
      2.0917406329712547,
      2.0136194804225105,
      1.9676900062317284,
      1.924688779507963,
      1.886754372249396,
      1.8765878147972277,
      1.8013276581566173,
      1.7437426289811302,
      1.7024844435457223,
      1.658203352373629,
      1.6265909241411252,
      1.5621461757836632,
      1.5400582532913158,
      1.5312846183015134,
      1.4784782949727946,
      1.4682814141812797,
      1.473890452910536,
      1.426598111280618,
      1.41800359300912,
      1.3867536806070004,
      1.3672209713405694,
      1.3703702223567535,
      1.3234250966352397,
      1.3321271723451706,
      1.288012601697026,
      1.290914443163826,
      1.2472566145296675,
      1.254078295284186,
      1.24284068178445,
      1.1999820316561496,
      1.181489916274342,
      1.1668316120156845,
      1.1764762049284987,
      1.1571892018135364,
      1.1323457682094635,
      1.1223832909672404,
      1.130545408009721,
      1.1096960353775147,
      1.0757197652000208,
      1.0660717616827724,
      1.0732124354511785,
      1.0710770478263831,
      1.0557337100513446,
      1.027300719635936,
      1.071303234884914,
      1.0176382887477693,
      1.0365451023982355,
      1.0132457057888897,
      1.0109329943458873,
      0.9870494207063802,
      0.9841289920167039,
      0.9827862013452731,
      0.9842796432324492,
      1.0088384568500823,
      0.9862967936185222,
      0.9691008723581942,
      0.972780014569767,
      0.9807454760843953,
      0.9889505400825233,
      0.9785215176713352,
      0.9891267342689319,
      1.0126520489541868,
      0.963839415448923,
      0.9774576371279768,
      1.0015694463786227,
      0.9981608833558262,
      1.0001688539600981,
      1.0025725035240856
    ],
    "test_acc": [
      19.46,
      25.01,
      26.92,
      28.94,
      30.28,
      32.13,
      33.57,
      34.09,
      36.71,
      38.64,
      39.74,
      41.01,
      42.26,
      44.3,
      45.24,
      44.73,
      47.27,
      47.52,
      47.47,
      49.15,
      49.33,
      50.43,
      51.37,
      50.74,
      53.08,
      52.58,
      53.95,
      54.31,
      55.74,
      55.57,
      55.83,
      57.28,
      57.82,
      58.73,
      58.16,
      58.97,
      60.33,
      60.84,
      60.88,
      60.65,
      62.39,
      62.96,
      62.66,
      62.73,
      63.39,
      64.68,
      63.04,
      64.76,
      64.3,
      64.82,
      64.85,
      65.89,
      66.07,
      66.31,
      66.4,
      65.27,
      66.59,
      67.01,
      66.93,
      66.95,
      66.88,
      67.3,
      67.05,
      65.77,
      68.09,
      67.28,
      67.22,
      67.66,
      67.57,
      67.52
    ]
  }
}