{
  "config": {
    "run_name": "exp1_1_L8_K64",
    "out_dir": "./results",
    "seed": 360753051,
    "device": null,
    "bs_train": 128,
    "bs_test": 32,
    "batches": 100,
    "epochs": 75,
    "early_stopping": 5,
    "checkpoints": null,
    "lr": 0.0005,
    "reg": 0.002,
    "filters_per_layer": [
      64
    ],
    "pool_every": 4,
    "hidden_dims": [
      100
    ],
    "model_type": "cnn",
    "kw": {},
    "layers_per_block": 8
  },
  "results": {
    "num_epochs": 0,
    "train_loss": [
      2.3028716358077497,
      2.3027475660719223,
      2.302678711274091,
      2.3026484101629623,
      2.3026256622255916,
      2.302617193792787,
      2.3026122309057913,
      2.302611056496115,
      2.302609669887806,
      2.3026118205331474,
      2.3026074393630944,
      2.302607057039695,
      2.302606589958796,
      2.3026075015592453,
      2.3026029319714403,
      2.302605782018598,
      2.3026025837949473,
      2.3026089003628782,
      2.30260454236394,
      2.3026012429191023,
      2.302604285652375,
      2.3026028679459905,
      2.302604704561746,
      2.302602672820811,
      2.302602468549138,
      2.3026030203875374,
      2.3026029618499835,
      2.3026054698183103,
      2.3026032319764043,
      2.302602859409264,
      2.3026055509172134,
      2.302603985037645,
      2.3026038795480948,
      2.3026041435768536,
      2.302604233212483,
      2.302601956345541,
      2.3026044277278968,
      2.3026039636958284,
      2.302605161886386,
      2.30260387710903,
      2.3026071850905945,
      2.3026055551855764,
      2.3026037819855047,
      2.3026066594721413,
      2.3026050271280587,
      2.302605175911008,
      2.302602784408023,
      2.3026042966281666,
      2.302602222813365,
      2.3026049649319074,
      2.3026057539693534,
      2.302606275319443,
      2.302602103908958,
      2.302603575884534,
      2.302601056940415,
      2.3026044063860804,
      2.302602372815847,
      2.3026040947955586,
      2.3026044685822313,
      2.302602746602519,
      2.3026043301653067,
      2.302601516094354,
      2.302602830140487,
      2.3026057710428067,
      2.3026050978609365,
      2.3026041826018897,
      2.302601870368509,
      2.302602413060415,
      2.3026037283260803,
      2.302603486248904,
      2.302603437467609,
      2.302602675869642,
      2.3026046759027348,
      2.3026019453697497,
      2.3026052576196774
    ],
    "train_acc": [
      10.0,
      10.0,
      10.0,
      10.0,
      10.0,
      9.864,
      9.98,
      9.972,
      9.896,
      9.936,
      9.926,
      9.8,
      9.856,
      9.844,
      9.91,
      9.888,
      9.974,
      9.728,
      9.892,
      9.952,
      9.776,
      9.866,
      9.726,
      9.824,
      9.93,
      9.866,
      9.766,
      9.852,
      9.696,
      9.924,
      9.82,
      9.844,
      9.868,
      9.82,
      9.9,
      9.852,
      9.86,
      9.888,
      9.794,
      9.884,
      9.882,
      9.7,
      9.804,
      9.76,
      9.852,
      9.776,
      9.762,
      9.774,
      9.836,
      9.71,
      9.766,
      9.86,
      9.664,
      9.822,
      9.862,
      9.9,
      9.704,
      9.7,
      9.878,
      9.818,
      9.856,
      9.76,
      9.904,
      9.672,
      9.746,
      9.854,
      9.876,
      9.878,
      9.696,
      9.908,
      9.87,
      9.864,
      9.774,
      9.806,
      9.826
    ],
    "test_loss": [
      2.3027650106448334,
      2.302676803387773,
      2.3026287723273136,
      2.302610248803331,
      2.302593596827108,
      2.302587565522605,
      2.3025865158714804,
      2.302583269417857,
      2.30258220605576,
      2.3025832633240917,
      2.3025821793955354,
      2.302581736835809,
      2.3025816873239635,
      2.3025814260537634,
      2.3025819333597495,
      2.302582056758503,
      2.302582055996782,
      2.3025819059378043,
      2.3025817474998984,
      2.3025812379087505,
      2.3025820529498993,
      2.3025817452147366,
      2.3025818952737143,
      2.302582244903516,
      2.3025819729692256,
      2.3025820415240887,
      2.3025820270513955,
      2.3025820422858096,
      2.302582442189177,
      2.302582307364613,
      2.3025821763486527,
      2.3025821938682287,
      2.3025829997687293,
      2.3025825092205987,
      2.3025823827749625,
      2.3025827910572576,
      2.302582792580699,
      2.3025827819166094,
      2.302582954827208,
      2.3025828832254622,
      2.302583242757633,
      2.3025828771316967,
      2.3025828550417966,
      2.3025831924840663,
      2.3025829997687293,
      2.3025833851994038,
      2.302583440043294,
      2.302583293031199,
      2.302583067561872,
      2.3025835352583814,
      2.3025837249268357,
      2.3025833920548897,
      2.302583627426586,
      2.3025839564899284,
      2.3025837828176092,
      2.3025835801999026,
      2.3025836121921723,
      2.3025839161187314,
      2.3025835398287056,
      2.302583942017235,
      2.302583951157884,
      2.302583757680826,
      2.3025838247122477,
      2.3025839519196043,
      2.302584242135191,
      2.302583901646038,
      2.302584198717111,
      2.3025842154749667,
      2.302584157584193,
      2.3025841294005276,
      2.302584255084443,
      2.302584172056887,
      2.3025843213541437,
      2.302584318307261,
      2.3025845734836956
    ],
    "test_acc": [
      10.0,
      10.0,
      10.0,
      10.0,
      10.0,
      10.0,
      10.05,
      10.0,
      10.0,
      10.0,
      10.0,
      10.0,
      12.38,
      10.0,
      10.0,
      10.0,
      10.0,
      10.0,
      10.0,
      10.0,
      10.0,
      10.0,
      10.0,
      10.0,
      10.0,
      10.0,
      10.0,
      10.0,
      10.0,
      11.95,
      10.0,
      10.0,
      12.66,
      10.0,
      10.05,
      10.39,
      10.0,
      11.42,
      10.0,
      10.35,
      10.0,
      10.09,
      10.0,
      10.0,
      10.0,
      10.0,
      10.0,
      10.0,
      10.0,
      10.0,
      10.0,
      10.0,
      10.0,
      10.0,
      10.0,
      10.0,
      10.0,
      10.0,
      10.0,
      10.0,
      10.0,
      10.0,
      10.41,
      10.0,
      10.0,
      10.0,
      10.0,
      10.0,
      10.0,
      10.0,
      10.0,
      10.0,
      10.0,
      10.0,
      10.0
    ]
  }
}