{
  "config": {
    "run_name": "exp1_5_L6_K32-64-128",
    "out_dir": "./results",
    "seed": 557647605,
    "device": "cuda",
    "bs_train": 128,
    "bs_test": 32,
    "batches": 100,
    "epochs": 100,
    "early_stopping": 10,
    "checkpoints": null,
    "lr": 0.0005,
    "reg": 0.002,
    "filters_per_layer": [
      32,
      64,
      128
    ],
    "layers_per_block": 6,
    "pool_every": 2,
    "hidden_dims": [
      100
    ],
    "model_type": "yourcnn",
    "kw": {}
  },
  "results": {
    "num_epochs": 0,
    "train_loss": [
      1.7221004011685892,
      1.3331565689247893,
      1.1414039895662567,
      1.0223883080970295,
      0.9384427227632469,
      0.8740936356127414,
      0.8129759793696196,
      0.7659941992491407,
      0.7269360624310915,
      0.6852029473580363,
      0.6573339657253011,
      0.6234627634363101,
      0.5980086547639364,
      0.5728709010212013,
      0.5465601716962312,
      0.5326695119023628,
      0.5006415016206024,
      0.4901595041727471,
      0.4763118353341242,
      0.4541846296137861,
      0.44163662774483564,
      0.4269317489527071,
      0.4131241797105126,
      0.39780332856928297,
      0.3816771416560463,
      0.37044343188443146,
      0.35784027003266317,
      0.34567442136195003,
      0.3342491235879376,
      0.32757505972671996,
      0.31747065427358195,
      0.30597283412962006,
      0.29947744732927484,
      0.28389102761702767,
      0.27842258766788963,
      0.26580054421559013,
      0.25790937980422585,
      0.2502989264781518,
      0.23619306034139356,
      0.23402783007877867,
      0.22746524315737093,
      0.2216039339980811,
      0.21527394084521875,
      0.20938606893696138,
      0.20570339803652996,
      0.19642797200118794,
      0.18707625209675421,
      0.18116357415685874,
      0.1833665185343579,
      0.1745199909352738,
      0.17106725144035675,
      0.16850345061563166,
      0.16160560879484773,
      0.15495245581697625,
      0.1493192122263067,
      0.14836107389739409,
      0.14855882352041772
    ],
    "train_acc": [
      36.162,
      51.88,
      59.288,
      64.05,
      66.742,
      69.488,
      71.914,
      73.558,
      74.774,
      76.274,
      77.834,
      78.646,
      79.626,
      80.52,
      81.514,
      81.956,
      83.026,
      83.52,
      84.072,
      84.892,
      85.238,
      85.528,
      86.36,
      86.838,
      87.288,
      87.518,
      88.022,
      88.38,
      88.852,
      88.978,
      89.328,
      89.728,
      89.966,
      90.602,
      90.81,
      91.198,
      91.45,
      91.722,
      91.994,
      92.096,
      92.342,
      92.58,
      92.818,
      93.112,
      93.274,
      93.59,
      93.744,
      93.868,
      93.782,
      94.026,
      94.082,
      94.516,
      94.59,
      94.956,
      95.098,
      95.036,
      95.024
    ],
    "test_loss": [
      1.4161931226809565,
      1.1825845989937218,
      0.9911779083382969,
      0.8914435709627292,
      0.8675672688042394,
      0.8033399436230095,
      0.7868970763949922,
      0.7248764946437872,
      0.7026881380393483,
      0.6905762826006252,
      0.6309570043136518,
      0.6098244149749652,
      0.634251250626561,
      0.6414434299967922,
      0.5853816389371032,
      0.5898580776807218,
      0.6126775263597409,
      0.5761345721328982,
      0.5635372307687141,
      0.5457777806316702,
      0.5671257713732247,
      0.5418465530005888,
      0.5311912399130507,
      0.5269282680873673,
      0.5612381545309061,
      0.5239112929414256,
      0.5475012720964206,
      0.5713537958935617,
      0.527273789036293,
      0.5384714351699185,
      0.5487682265690721,
      0.5613693639564629,
      0.529892386243747,
      0.5519336229339004,
      0.5497981669625249,
      0.5821462148389878,
      0.5504232875395793,
      0.5545266910155598,
      0.6374366529190693,
      0.5769960487041229,
      0.5719489766457401,
      0.5987629633599196,
      0.5856524786462609,
      0.5697583916445319,
      0.5927657752919692,
      0.6020323137511698,
      0.5848205205493461,
      0.6386998620824501,
      0.6331467028028859,
      0.5974837791103239,
      0.633240241212205,
      0.6305808745407925,
      0.6246088922452241,
      0.6410081436316045,
      0.679051279191511,
      0.646775853150664,
      0.6549338386498225
    ],
    "test_acc": [
      45.91,
      56.74,
      63.82,
      68.1,
      69.07,
      71.53,
      72.3,
      74.47,
      75.6,
      76.6,
      78.26,
      78.87,
      78.54,
      78.46,
      80.19,
      80.28,
      80.2,
      81.09,
      81.43,
      82.3,
      81.54,
      81.93,
      82.23,
      82.73,
      81.76,
      83.26,
      82.83,
      82.33,
      83.61,
      83.46,
      83.07,
      82.77,
      84.04,
      83.45,
      83.86,
      83.11,
      84.0,
      84.21,
      82.35,
      83.97,
      83.7,
      83.85,
      83.75,
      84.19,
      84.13,
      84.04,
      84.37,
      83.93,
      83.83,
      84.35,
      84.13,
      84.27,
      84.17,
      84.0,
      83.81,
      84.2,
      83.61
    ]
  }
}