{
  "config": {
    "run_name": "exp1_5_L12_K32-64-128",
    "out_dir": "./results",
    "seed": 1331465374,
    "device": "cuda",
    "bs_train": 128,
    "bs_test": 32,
    "batches": 100,
    "epochs": 100,
    "early_stopping": 10,
    "checkpoints": null,
    "lr": 0.0005,
    "reg": 0.002,
    "filters_per_layer": [
      32,
      64,
      128
    ],
    "layers_per_block": 12,
    "pool_every": 4,
    "hidden_dims": [
      100
    ],
    "model_type": "yourcnn",
    "kw": {}
  },
  "results": {
    "num_epochs": 0,
    "train_loss": [
      1.8355444904483493,
      1.5040138048284195,
      1.319203228291953,
      1.1653924788660406,
      1.043060320265153,
      0.9581304363277562,
      0.8875325665144664,
      0.828095304081812,
      0.7701541002449173,
      0.7337155703388517,
      0.6959079887403552,
      0.6582317675471001,
      0.6271136892421166,
      0.6007024221255651,
      0.5761179273085826,
      0.5513607132465334,
      0.5368246706702825,
      0.5197506151388368,
      0.4963940476517543,
      0.48311685402984816,
      0.4630920802769454,
      0.4486938781293152,
      0.43634455999754884,
      0.42424676062353434,
      0.4113173673067556,
      0.40057831309030734,
      0.3857634077444101,
      0.3761493951615775,
      0.35944822403933385,
      0.3574751867815052,
      0.34256803402510444,
      0.3343148789061305,
      0.3282871267298603,
      0.3169063186782705,
      0.3039248515577877,
      0.2980972910323716,
      0.28883466799088453,
      0.29149605665365447,
      0.27441727453866577,
      0.26916769421314035,
      0.26160530483021455,
      0.2533703748603611,
      0.24779664523080183,
      0.24253338708749514,
      0.23427967218410634,
      0.23140586701119342,
      0.22442966025046376,
      0.2199406437671093,
      0.21324982215910007,
      0.21016207032496362,
      0.20716231028594628,
      0.19872337678814178,
      0.19315470932313547,
      0.18814775269583364,
      0.18288883385832047,
      0.17783043268696427,
      0.17606126529443294,
      0.17465832402639073,
      0.17272656577665482,
      0.16899547920278882,
      0.1654055936886069,
      0.15743560097216036,
      0.15879737159899435,
      0.15462329661678476,
      0.14704344536909056,
      0.14925580407919176
    ],
    "train_acc": [
      31.176,
      44.602,
      52.368,
      58.342,
      62.894,
      66.16,
      68.622,
      71.266,
      73.054,
      74.9,
      76.11,
      77.534,
      78.478,
      79.492,
      80.246,
      81.03,
      81.694,
      82.574,
      83.102,
      83.416,
      84.29,
      84.724,
      84.994,
      85.604,
      85.958,
      86.468,
      86.896,
      87.476,
      87.4,
      87.906,
      88.41,
      88.54,
      88.896,
      89.204,
      89.558,
      89.798,
      90.118,
      90.056,
      90.81,
      90.828,
      91.02,
      91.146,
      91.584,
      91.848,
      91.872,
      92.21,
      92.404,
      92.462,
      92.774,
      92.902,
      93.094,
      93.106,
      93.416,
      93.534,
      93.746,
      93.91,
      93.946,
      93.822,
      94.108,
      94.246,
      94.248,
      94.774,
      94.434,
      94.736,
      94.886,
      94.932
    ],
    "test_loss": [
      1.5319633080174748,
      1.3262758184545718,
      1.1323580953259818,
      0.9836858701401244,
      0.9229105047334116,
      0.848264070459829,
      0.7773869510847159,
      0.7593825514705036,
      0.7099830151175539,
      0.6802973849133561,
      0.6585793143358475,
      0.6309477761625862,
      0.6106781956201164,
      0.5957336870435709,
      0.5757524880071798,
      0.5668308360222429,
      0.5706204921245194,
      0.5262370926027481,
      0.5254930926207155,
      0.5380824775265428,
      0.5281078352238804,
      0.4949162441273086,
      0.5163077275497845,
      0.5070644843692597,
      0.49589094401786504,
      0.5026422150242633,
      0.4950699208857724,
      0.49989707282366463,
      0.5166915796173457,
      0.4852348673053252,
      0.5192653891353752,
      0.4957522003890607,
      0.4761034163137594,
      0.4876506219323451,
      0.5139116521674795,
      0.48671966619765794,
      0.4904383042999826,
      0.4970812176029903,
      0.5021384084543672,
      0.5118244874734468,
      0.4906944297968199,
      0.5289209352496761,
      0.49069543269138555,
      0.5099014849535907,
      0.51260061187747,
      0.518889451464906,
      0.5071317489488056,
      0.5205980907685269,
      0.5413055383026029,
      0.5215805289320672,
      0.5203438969983604,
      0.5455716978639554,
      0.552994213867397,
      0.5703928776460286,
      0.5517652369217394,
      0.5333862387197325,
      0.544659656963457,
      0.5379762740704579,
      0.5725910260101048,
      0.5440065361166628,
      0.5745618950289945,
      0.5503893962469154,
      0.5614915762049036,
      0.5736019849812928,
      0.5869190859528014,
      0.56783573279312
    ],
    "test_acc": [
      42.13,
      50.51,
      58.28,
      64.53,
      66.59,
      69.77,
      72.68,
      73.52,
      75.65,
      76.59,
      77.36,
      79.0,
      78.8,
      80.12,
      80.79,
      81.27,
      81.22,
      82.64,
      82.64,
      82.57,
      83.39,
      84.35,
      83.82,
      84.12,
      84.32,
      84.32,
      84.62,
      84.54,
      84.78,
      85.71,
      84.91,
      85.66,
      85.92,
      85.68,
      85.59,
      86.07,
      86.46,
      86.15,
      86.01,
      86.4,
      86.67,
      85.68,
      86.64,
      86.01,
      86.29,
      86.42,
      86.81,
      86.65,
      86.09,
      86.59,
      86.85,
      86.67,
      86.33,
      86.13,
      86.44,
      87.1,
      86.79,
      86.69,
      86.04,
      86.89,
      86.53,
      86.64,
      86.69,
      86.46,
      86.73,
      86.68
    ]
  }
}