{
  "config": {
    "run_name": "exp1_5_L9_K32-64-128",
    "out_dir": "./results",
    "seed": 1448173428,
    "device": "cuda",
    "bs_train": 128,
    "bs_test": 32,
    "batches": 100,
    "epochs": 100,
    "early_stopping": 10,
    "checkpoints": null,
    "lr": 0.0005,
    "reg": 0.002,
    "filters_per_layer": [
      32,
      64,
      128
    ],
    "layers_per_block": 9,
    "pool_every": 3,
    "hidden_dims": [
      100
    ],
    "model_type": "yourcnn",
    "kw": {}
  },
  "results": {
    "num_epochs": 0,
    "train_loss": [
      1.806095408356708,
      1.4112430283480593,
      1.1917065391150277,
      1.0583629685899485,
      0.9607360673987347,
      0.8988925360352792,
      0.8336759255365338,
      0.7845280757340629,
      0.7358772648722315,
      0.7010307145088225,
      0.6621313581381307,
      0.6348160373432862,
      0.6068796669430745,
      0.5802504677144463,
      0.5608491638432378,
      0.5398241949203374,
      0.5170746072174033,
      0.5008174181746705,
      0.48979372449238284,
      0.468779923970742,
      0.4524720625194442,
      0.43207972136604816,
      0.42545886692183704,
      0.4088819514378867,
      0.39726346807406687,
      0.38127928652117016,
      0.3732537044131238,
      0.3608647012116049,
      0.35137873468801495,
      0.33893909577823356,
      0.326705450330244,
      0.3174733040887681,
      0.3127649884547114,
      0.30202320793553084,
      0.2911777045110912,
      0.2857167771100388,
      0.2753153984122874,
      0.26807597628258684,
      0.2556806647449808,
      0.2548011233625205,
      0.24447644869689747,
      0.233713806799763,
      0.2303988602574524,
      0.22647577478452716,
      0.21643907193790007,
      0.21197922200040745,
      0.20749754529170064,
      0.20344487423329707,
      0.19695218080831,
      0.19348258582298714,
      0.1843606078487528,
      0.18024717658148398,
      0.18102383613586426,
      0.17286814528200634,
      0.1694223838655845,
      0.17078880672259708,
      0.1581527273101575,
      0.1566293176330264,
      0.15452885361926635,
      0.14513657211571399,
      0.14497544091490225,
      0.14184307912960076,
      0.14435613940438957,
      0.14221483961586148,
      0.13341210181336574,
      0.13293466611248453,
      0.12864278328350132,
      0.12788467547472784
    ],
    "train_acc": [
      32.534,
      48.474,
      57.192,
      62.5,
      66.174,
      68.71,
      70.894,
      72.776,
      74.492,
      75.84,
      77.134,
      78.252,
      79.302,
      79.946,
      80.846,
      81.634,
      82.514,
      82.896,
      83.392,
      83.938,
      84.736,
      85.164,
      85.662,
      86.014,
      86.52,
      87.25,
      87.424,
      87.844,
      88.27,
      88.648,
      88.864,
      89.054,
      89.456,
      89.846,
      90.278,
      90.384,
      90.726,
      90.976,
      91.154,
      91.332,
      91.842,
      91.906,
      92.078,
      92.46,
      92.698,
      92.782,
      92.902,
      93.13,
      93.218,
      93.486,
      93.72,
      93.81,
      94.018,
      94.15,
      94.348,
      94.34,
      94.796,
      94.624,
      94.778,
      94.96,
      95.092,
      95.202,
      95.182,
      95.296,
      95.466,
      95.626,
      95.704,
      95.77
    ],
    "test_loss": [
      1.4836153462291144,
      1.2175911084150735,
      1.0143300913774167,
      0.9172697578565762,
      0.8671940590817326,
      0.8976434453988609,
      0.7415611921979216,
      0.7118959882484076,
      0.6785666532219409,
      0.6949022650337828,
      0.6917943950183094,
      0.6505714557803096,
      0.6165876328564299,
      0.6164692577700646,
      0.5739973076521018,
      0.5528026731631246,
      0.5459076299930152,
      0.5715658990815043,
      0.5472616357163499,
      0.5687079336315679,
      0.5503213903346,
      0.527534292695431,
      0.5428795959479131,
      0.5366818238609135,
      0.5264309848221346,
      0.5305278010356921,
      0.5669393189275227,
      0.5160913996565075,
      0.5424262836527901,
      0.5173515662217674,
      0.5186905283897448,
      0.523679887524809,
      0.5062009239920412,
      0.5508736086943851,
      0.49139422979265357,
      0.5113064609587002,
      0.5437971966716048,
      0.5228542058993453,
      0.557506902065997,
      0.5281790044849006,
      0.5548826543072732,
      0.5486239207545504,
      0.5491526071101237,
      0.5482300562313951,
      0.546588239602197,
      0.5554760309596793,
      0.5383792442921251,
      0.5528602400681557,
      0.5883935161184864,
      0.5590528399466326,
      0.5690369676477232,
      0.5743245596226793,
      0.5514436475575542,
      0.5626322036138929,
      0.5874239111813112,
      0.6022511978868764,
      0.615172641250653,
      0.574875937399868,
      0.5988801405690729,
      0.6092755218354848,
      0.6115960726103844,
      0.6277305736733131,
      0.6227460596888972,
      0.7068279646694089,
      0.6325416721094149,
      0.6594337600702866,
      0.62879056441553,
      0.6345613287113154
    ],
    "test_acc": [
      43.4,
      54.44,
      63.37,
      66.74,
      68.34,
      68.88,
      73.87,
      74.9,
      76.47,
      75.86,
      77.17,
      77.86,
      79.32,
      79.41,
      80.91,
      81.87,
      81.51,
      81.49,
      82.01,
      81.5,
      82.16,
      82.96,
      82.79,
      83.17,
      83.51,
      83.6,
      83.22,
      83.69,
      83.71,
      84.0,
      84.15,
      84.09,
      84.97,
      83.85,
      85.06,
      84.79,
      84.17,
      85.16,
      84.05,
      84.8,
      84.35,
      84.75,
      85.21,
      85.06,
      85.32,
      85.09,
      85.5,
      85.75,
      84.88,
      85.67,
      85.2,
      85.45,
      85.88,
      85.73,
      85.09,
      85.32,
      85.23,
      86.05,
      85.71,
      85.5,
      85.62,
      85.17,
      85.12,
      84.28,
      85.02,
      84.92,
      85.93,
      85.6
    ]
  }
}