{
  "config": {
    "run_name": "exp1_1_L2_K64",
    "out_dir": "./results",
    "seed": 342521579,
    "device": null,
    "bs_train": 128,
    "bs_test": 32,
    "batches": 100,
    "epochs": 75,
    "early_stopping": 5,
    "checkpoints": null,
    "lr": 0.0005,
    "reg": 0.002,
    "filters_per_layer": [
      64
    ],
    "pool_every": 4,
    "hidden_dims": [
      100
    ],
    "model_type": "cnn",
    "kw": {},
    "layers_per_block": 2
  },
  "results": {
    "num_epochs": 0,
    "train_loss": [
      2.1509282351149928,
      1.9000091071019087,
      1.8051216928550349,
      1.7280466532158425,
      1.6665280450640432,
      1.6097772520826297,
      1.5658490188286434,
      1.5259589767821915,
      1.492561682410862,
      1.4608191974327693,
      1.4349278979899023,
      1.404420468203552,
      1.376714395745026,
      1.3508962868424632,
      1.3242558481748148,
      1.2993848897002238,
      1.2725438190543132,
      1.2519577470276972,
      1.2279759997602009,
      1.2062964622321946,
      1.1880471476203645,
      1.16647704955562,
      1.1431401003047328,
      1.1287998229341434,
      1.1103255142031423,
      1.094786620658377,
      1.0775674865068987,
      1.0621831045126366,
      1.0463537119538582,
      1.0374150163377338,
      1.0155648323885924,
      1.001139044304333,
      0.9852154841813285,
      0.9733965325233577,
      0.9561402599524964,
      0.9438942731798762,
      0.9276989449930313,
      0.9109990749212787,
      0.9028426088640452,
      0.883659727280707,
      0.8682735941903975,
      0.85418392492987,
      0.839572467462486,
      0.8218554159259552,
      0.8085777611683702,
      0.7939534483053495,
      0.7799934941484495,
      0.7599850053067707,
      0.7461954637256729,
      0.7288577236482859,
      0.7137791749156649,
      0.693004937351817,
      0.6792836141250932,
      0.6601114371396086,
      0.6430486226478196,
      0.6342219427570968,
      0.6129985920456059,
      0.5959146579208277,
      0.578967811353981,
      0.5590482582826444,
      0.5481596478568319,
      0.5317251129680888,
      0.509650155711357,
      0.4920154999741508,
      0.4712902022444684,
      0.4638005511839981,
      0.4420179636277201,
      0.4331348992674552,
      0.4123361410997103,
      0.3922988571550535,
      0.37798705354066153,
      0.3630450220059251,
      0.3496927638416705,
      0.33250896868955754,
      0.31839221715927124
    ],
    "train_acc": [
      22.14,
      33.19,
      37.04,
      39.754,
      41.62,
      43.79,
      45.108,
      46.492,
      47.83,
      48.846,
      49.686,
      50.96,
      51.84,
      52.714,
      53.582,
      54.528,
      55.634,
      56.27,
      57.258,
      57.996,
      58.596,
      59.46,
      60.152,
      60.882,
      61.516,
      62.28,
      62.894,
      63.394,
      63.95,
      64.37,
      65.072,
      65.87,
      66.282,
      66.712,
      67.492,
      67.968,
      68.642,
      69.162,
      69.64,
      70.366,
      70.71,
      71.522,
      71.714,
      72.644,
      73.036,
      73.712,
      74.198,
      74.958,
      75.43,
      76.046,
      76.742,
      77.536,
      78.044,
      78.566,
      79.448,
      79.84,
      80.712,
      81.378,
      81.802,
      82.642,
      83.272,
      83.754,
      84.772,
      85.366,
      86.112,
      86.342,
      87.484,
      87.674,
      88.346,
      89.126,
      89.766,
      90.358,
      90.754,
      91.46,
      91.934
    ],
    "test_loss": [
      1.9680208070590473,
      1.8476305362134695,
      1.7703529584902924,
      1.7031344190573159,
      1.6298365208287589,
      1.5962435018521148,
      1.530460303583846,
      1.5310326277638395,
      1.4740852132772866,
      1.4513679657119531,
      1.43576844717367,
      1.4140645286526543,
      1.3767758596438568,
      1.3496315471661358,
      1.3311421332267908,
      1.3095703530616272,
      1.2902918206617093,
      1.2765911171992366,
      1.267265817418266,
      1.2652100063741398,
      1.2229844824955487,
      1.2279317239983776,
      1.225418977272777,
      1.203564072188478,
      1.187714415426833,
      1.188333136966815,
      1.1848329795054353,
      1.171432172528471,
      1.1811902639203178,
      1.1623705473189918,
      1.1503135272489189,
      1.1620256116215033,
      1.154495433496591,
      1.1392406908848796,
      1.1370506372314673,
      1.1387114391540185,
      1.1204257329431966,
      1.132652759552002,
      1.1247934721910153,
      1.1516591710404467,
      1.1294332691274893,
      1.122816915519702,
      1.1371976647514124,
      1.124386070635372,
      1.1248116089513127,
      1.1333468784920324,
      1.1253692300174944,
      1.146471016704084,
      1.1504150811856546,
      1.1349425528186579,
      1.1329425177254235,
      1.1477150920861827,
      1.149496747853276,
      1.1437516633314067,
      1.1976572466544069,
      1.1723444876960292,
      1.1736985734476448,
      1.1651037498213612,
      1.1806432479105817,
      1.18263199201788,
      1.2185508043240434,
      1.2097908690714607,
      1.2132506450525107,
      1.2108860615724193,
      1.2325340892179324,
      1.2619184123251004,
      1.265138167161911,
      1.2899314068948118,
      1.292713347810526,
      1.2864889150229506,
      1.289922385074841,
      1.3783045544411048,
      1.4117054281333765,
      1.3540487869288593,
      1.3929530642093562
    ],
    "test_acc": [
      29.9,
      34.67,
      37.11,
      39.97,
      42.34,
      42.91,
      45.5,
      45.18,
      47.82,
      48.63,
      49.18,
      50.27,
      51.32,
      52.22,
      52.61,
      53.53,
      54.24,
      54.82,
      54.95,
      55.46,
      56.83,
      56.68,
      56.5,
      57.7,
      57.75,
      58.17,
      57.94,
      58.27,
      58.23,
      58.64,
      59.3,
      58.73,
      58.88,
      59.74,
      59.6,
      59.51,
      60.51,
      60.17,
      60.52,
      59.63,
      60.42,
      60.76,
      60.32,
      60.47,
      60.82,
      60.08,
      60.85,
      60.45,
      60.82,
      61.3,
      61.17,
      60.98,
      61.01,
      61.23,
      60.38,
      60.83,
      61.21,
      61.37,
      60.89,
      61.56,
      60.73,
      61.22,
      61.29,
      61.6,
      61.59,
      60.38,
      61.2,
      60.89,
      60.78,
      61.87,
      61.8,
      60.61,
      60.2,
      60.97,
      60.63
    ]
  }
}