{
  "config": {
    "run_name": "exp1_2_L4_K128",
    "out_dir": "./results",
    "seed": 477423883,
    "device": null,
    "bs_train": 128,
    "bs_test": 32,
    "batches": 100,
    "epochs": 75,
    "early_stopping": 5,
    "checkpoints": null,
    "lr": 0.0005,
    "reg": 0.002,
    "filters_per_layer": [
      128
    ],
    "pool_every": 4,
    "hidden_dims": [
      100
    ],
    "model_type": "cnn",
    "kw": {},
    "layers_per_block": 4
  },
  "results": {
    "num_epochs": 0,
    "train_loss": [
      2.302529756370408,
      2.2932455692144917,
      2.219398511340246,
      2.00105522355765,
      1.9067581730425511,
      1.831179928291789,
      1.7610871377198591,
      1.7003601841304614,
      1.6551264783610469,
      1.6199248212072856,
      1.5874950550401303,
      1.5575553130005937,
      1.5309534112510779,
      1.5060129793708588,
      1.4811095926157958,
      1.4537053150898964,
      1.438136841025194,
      1.4105394103033158,
      1.3879110593625041,
      1.3638501377666699,
      1.3365670009647184,
      1.3129332971085064,
      1.287092604295677,
      1.26381356301515,
      1.2305279707969607,
      1.2032276074904615,
      1.1808398451341693,
      1.1530507513324317,
      1.1271283059473842,
      1.1000276531099968,
      1.0721844899684876,
      1.043657666581976,
      1.0172550140134513,
      0.9955678920611701,
      0.9647417611173351,
      0.935723051238243,
      0.9181773388172354,
      0.8868890343724615,
      0.8642864079426622,
      0.8396375600029441,
      0.8140794529634363,
      0.7862926015768514,
      0.7598665751459653,
      0.7326328859609716,
      0.707827498845737,
      0.6810764480582283,
      0.6593500161567307,
      0.6313180937943861,
      0.6066881668232286,
      0.5781919740502487,
      0.5586582767536573,
      0.5311140619275515,
      0.5092730748531459,
      0.48423193566634526,
      0.4509310356491362,
      0.42221313204301897,
      0.401855441844067,
      0.3820243841775543,
      0.34934178253878717,
      0.33448255138324046,
      0.3100685104156089,
      0.2866916045584642,
      0.26297990680503114,
      0.24414385167305427,
      0.23246135187271,
      0.2071273900244547,
      0.2012817316386096,
      0.1750873049621082,
      0.16110528526289383,
      0.14569963414765075,
      0.13689210437371602,
      0.12323138514138243,
      0.12381680729939505,
      0.10335408890491252,
      0.07903072830584958
    ],
    "train_acc": [
      10.416,
      12.57,
      17.388,
      28.568,
      32.294,
      35.6,
      37.992,
      39.882,
      41.74,
      42.926,
      43.856,
      45.11,
      46.032,
      46.94,
      47.916,
      48.728,
      49.516,
      50.258,
      51.23,
      52.004,
      53.028,
      54.106,
      55.098,
      56.022,
      57.166,
      58.4,
      59.206,
      60.236,
      61.46,
      62.24,
      63.204,
      64.608,
      65.538,
      66.374,
      67.548,
      68.432,
      69.14,
      70.44,
      71.286,
      72.114,
      73.018,
      73.926,
      74.95,
      76.052,
      76.974,
      78.026,
      78.906,
      79.962,
      81.108,
      82.068,
      82.708,
      83.88,
      84.644,
      85.782,
      86.948,
      87.972,
      88.572,
      89.59,
      90.696,
      91.242,
      92.168,
      92.92,
      93.852,
      94.538,
      94.934,
      95.74,
      96.028,
      96.704,
      97.19,
      97.668,
      97.886,
      98.3,
      98.262,
      98.708,
      99.268
    ],
    "test_loss": [
      2.2999963135765005,
      2.2804923202283085,
      2.103803200462756,
      1.9360462644229681,
      1.878124767218154,
      1.7861090517653444,
      1.7198505809131903,
      1.684657350515786,
      1.6455664878455214,
      1.6060312536958687,
      1.5916866304013675,
      1.5478510677624053,
      1.5388525819626098,
      1.5038681070263775,
      1.4846956257622081,
      1.4590619838656709,
      1.421673995237381,
      1.423108136501556,
      1.41440462970886,
      1.3834338709950067,
      1.3781612686836682,
      1.3505679768876147,
      1.3136572382701472,
      1.3394330187727468,
      1.2741848559806142,
      1.2663823950785797,
      1.2241324386276757,
      1.2377112429743757,
      1.1942952941781797,
      1.2001997243862945,
      1.176201373053054,
      1.1676850707386248,
      1.183577366720754,
      1.1526673015314168,
      1.1740956820618993,
      1.158546595337292,
      1.1290157113593227,
      1.1490663574716915,
      1.1328380940059504,
      1.1209055343375038,
      1.1495199723365588,
      1.1390404872620068,
      1.1782523167019072,
      1.170894315638862,
      1.1775838239505267,
      1.1838100253583523,
      1.2157564203198346,
      1.2443637697460552,
      1.2330413309339516,
      1.273830605010255,
      1.3259471163582117,
      1.3297507534392725,
      1.3030909831150652,
      1.378246672046832,
      1.4024819823118826,
      1.452943978408655,
      1.480260614579478,
      1.591151683665693,
      1.5712961274594925,
      1.625017422647141,
      1.6922904062575805,
      1.7200496670917962,
      1.8073129815796314,
      1.8605626008381098,
      1.8780210618013011,
      1.956543220308261,
      2.047884622892252,
      2.1348343771486618,
      2.171042172101359,
      2.1811257484621893,
      2.298385051873545,
      2.335282683753358,
      2.421558486577421,
      2.4389456110640455,
      2.4859772183643742
    ],
    "test_acc": [
      11.07,
      13.41,
      27.06,
      31.64,
      33.0,
      36.62,
      39.85,
      39.83,
      41.16,
      42.56,
      43.22,
      45.27,
      44.79,
      46.56,
      47.35,
      48.07,
      49.28,
      49.16,
      48.75,
      50.75,
      50.42,
      51.55,
      53.24,
      52.61,
      54.68,
      55.2,
      56.83,
      56.03,
      57.63,
      57.86,
      58.42,
      58.59,
      58.68,
      59.54,
      59.79,
      59.95,
      60.89,
      60.79,
      61.73,
      61.73,
      61.68,
      61.84,
      60.98,
      61.12,
      61.34,
      61.76,
      61.17,
      60.92,
      61.32,
      61.05,
      60.36,
      60.27,
      62.06,
      61.52,
      60.97,
      60.62,
      61.26,
      59.8,
      60.27,
      60.48,
      60.2,
      60.29,
      60.27,
      60.16,
      60.8,
      60.05,
      59.27,
      59.76,
      59.74,
      59.69,
      59.76,
      59.86,
      59.11,
      60.34,
      60.06
    ]
  }
}