{
  "config": {
    "run_name": "exp1_2_L4_K32",
    "out_dir": "./results",
    "seed": 1970337573,
    "device": null,
    "bs_train": 128,
    "bs_test": 32,
    "batches": 100,
    "epochs": 75,
    "early_stopping": 5,
    "checkpoints": null,
    "lr": 0.0005,
    "reg": 0.002,
    "filters_per_layer": [
      32
    ],
    "pool_every": 4,
    "hidden_dims": [
      100
    ],
    "model_type": "cnn",
    "kw": {},
    "layers_per_block": 4
  },
  "results": {
    "num_epochs": 0,
    "train_loss": [
      2.303007869159474,
      2.300386617860526,
      2.2910683148962154,
      2.2143941535364333,
      2.0605073389799697,
      1.93859331961483,
      1.8721982414460243,
      1.7990134362979313,
      1.7316156546478076,
      1.6817825919831806,
      1.6432908450246162,
      1.6150146759379551,
      1.5876333670847862,
      1.5651237214617717,
      1.5415681335322386,
      1.5207034331148543,
      1.4957921544609167,
      1.4673780565676482,
      1.4449101713917138,
      1.4159155184655543,
      1.3871580417198903,
      1.3629427297645822,
      1.3340047671057074,
      1.319131960801761,
      1.2966760451836354,
      1.272719582023523,
      1.250496192204068,
      1.2232647806482242,
      1.2064398237506446,
      1.182703504324569,
      1.159060120430139,
      1.1393096145156705,
      1.121812673938244,
      1.0966232088215822,
      1.078789764505518,
      1.0542223787368716,
      1.0349437443496625,
      1.0119935412845953,
      0.9938182486292652,
      0.9759346870205287,
      0.9543088537347896,
      0.9401877781619197,
      0.9140094715311095,
      0.8958090007152704,
      0.870800481732849,
      0.8553666147734503,
      0.8355200955325075,
      0.8132439824321386,
      0.7980856489952263,
      0.7776201934460789,
      0.7574087960640793,
      0.7387376479480577,
      0.7164228633236702,
      0.6989465137881696,
      0.675923167744561,
      0.6553033822790131,
      0.6396353407131742,
      0.6124078808995463,
      0.5997763055822124,
      0.5721018377624815,
      0.5579743070523148,
      0.5370497064822165,
      0.5243689173170368,
      0.5021595366470649,
      0.47593052338456254,
      0.46304764463316145,
      0.4464337022408195,
      0.42930453863290263,
      0.4088569382572418,
      0.38815292784625,
      0.37019119985268245,
      0.3557137438784475,
      0.3343726405707162,
      0.32309436618976883,
      0.30024556213480125
    ],
    "train_acc": [
      10.014,
      10.28,
      11.278,
      17.986,
      26.8,
      31.394,
      33.864,
      36.826,
      39.044,
      40.956,
      42.35,
      43.294,
      44.386,
      45.184,
      45.932,
      46.664,
      47.528,
      48.6,
      49.694,
      50.658,
      51.406,
      52.576,
      53.52,
      54.238,
      54.982,
      55.826,
      56.966,
      57.728,
      58.482,
      59.194,
      60.064,
      60.834,
      61.624,
      62.59,
      63.106,
      64.028,
      64.612,
      65.482,
      66.066,
      66.758,
      67.65,
      68.222,
      69.128,
      69.86,
      70.738,
      71.486,
      72.198,
      73.166,
      73.412,
      74.55,
      75.276,
      75.882,
      76.732,
      77.426,
      78.288,
      79.16,
      79.694,
      80.572,
      81.11,
      82.32,
      82.84,
      83.706,
      84.24,
      85.008,
      85.888,
      86.454,
      87.212,
      87.604,
      88.472,
      89.26,
      89.938,
      90.344,
      91.328,
      91.632,
      92.488
    ],
    "test_loss": [
      2.301963609628403,
      2.2978946903643136,
      2.2774951579852605,
      2.1342821212622303,
      1.9763019286786405,
      1.89461869477464,
      1.8321445948018815,
      1.7566479840598548,
      1.698276819512486,
      1.6541911961552433,
      1.6260172505729116,
      1.598152603204258,
      1.579387459130333,
      1.5476241203161856,
      1.532993537930254,
      1.5181230782700803,
      1.495075090624654,
      1.478778066345678,
      1.4494114137305238,
      1.4222324549580534,
      1.4260186524436878,
      1.3751137881233289,
      1.3852973787929304,
      1.3498938500690765,
      1.322911282126515,
      1.3024789984233844,
      1.3091946733645357,
      1.2869852189057933,
      1.2867521723619284,
      1.2619323420067565,
      1.2581252855614733,
      1.2679149371366532,
      1.2342646152447587,
      1.2302052906146064,
      1.2156828638082875,
      1.202499999596288,
      1.1890763366184296,
      1.2034212017592532,
      1.2193067734614729,
      1.182880367524327,
      1.1923314081594205,
      1.1905180004458078,
      1.1841174794462161,
      1.1894383059142115,
      1.1993639086382077,
      1.1991519528075147,
      1.1946698042531363,
      1.216027883104623,
      1.2507383695806558,
      1.2225340901853177,
      1.269353444964741,
      1.2680901170919499,
      1.2709557078897762,
      1.2776588523349823,
      1.3030997362380592,
      1.3203637912250554,
      1.3254227036485275,
      1.3676575178536363,
      1.3780924984441398,
      1.429820656681213,
      1.4210376640478262,
      1.4447871539920283,
      1.4846677427855544,
      1.524110263338485,
      1.5315782321146882,
      1.593089239094585,
      1.661948716107268,
      1.6739615980809488,
      1.687032141434118,
      1.7432642779030358,
      1.8182989132290068,
      1.8410217453496525,
      1.9112229874720588,
      1.9499602702479013,
      2.0038799114120653
    ],
    "test_acc": [
      10.0,
      11.27,
      11.96,
      22.32,
      29.88,
      32.33,
      34.45,
      37.81,
      39.8,
      41.19,
      41.96,
      43.9,
      43.94,
      45.11,
      45.62,
      46.34,
      47.14,
      47.18,
      48.8,
      49.45,
      49.15,
      51.11,
      50.53,
      52.3,
      52.9,
      53.79,
      54.03,
      54.55,
      54.23,
      55.73,
      55.54,
      55.32,
      56.49,
      56.24,
      57.45,
      58.44,
      57.95,
      57.96,
      57.49,
      58.31,
      58.1,
      58.57,
      59.19,
      59.11,
      59.29,
      59.07,
      59.68,
      59.0,
      58.46,
      59.84,
      58.42,
      58.89,
      58.72,
      59.06,
      59.16,
      59.3,
      59.33,
      58.28,
      58.94,
      58.26,
      59.06,
      58.72,
      58.42,
      58.49,
      58.91,
      58.05,
      57.27,
      57.43,
      57.93,
      57.96,
      57.29,
      57.22,
      57.67,
      57.62,
      57.5
    ]
  }
}