{
  "config": {
    "run_name": "exp1_1_L4_K64",
    "out_dir": "./results",
    "seed": 58959179,
    "device": null,
    "bs_train": 128,
    "bs_test": 32,
    "batches": 100,
    "epochs": 75,
    "early_stopping": 5,
    "checkpoints": null,
    "lr": 0.0005,
    "reg": 0.002,
    "filters_per_layer": [
      64
    ],
    "pool_every": 4,
    "hidden_dims": [
      100
    ],
    "model_type": "cnn",
    "kw": {},
    "layers_per_block": 4
  },
  "results": {
    "num_epochs": 0,
    "train_loss": [
      2.3026141394739565,
      2.296244466396244,
      2.22586249634433,
      2.0228248404724822,
      1.878530613906548,
      1.7945123011498805,
      1.7260944178647093,
      1.676340954078128,
      1.638369285846915,
      1.6010779913733988,
      1.573325133384646,
      1.547761405215544,
      1.5242903138060704,
      1.4999968606187863,
      1.4818700786746677,
      1.4590414046021678,
      1.4356027122043893,
      1.414202590122857,
      1.3916292788122622,
      1.3739238309738275,
      1.3488161902293525,
      1.3284804375885089,
      1.3065819331752064,
      1.2855920913579213,
      1.2640144922544279,
      1.2431927806581073,
      1.2182327793992085,
      1.197225108933266,
      1.1735193977880356,
      1.1492676430041222,
      1.1236959365017885,
      1.1072934277527167,
      1.0810073873271113,
      1.058905096615062,
      1.0352967465320206,
      1.0069506160743402,
      0.9904448551595059,
      0.9644850777543109,
      0.9387231504215914,
      0.9209887678056117,
      0.8927195607243902,
      0.8694000980433296,
      0.8491247017365282,
      0.8266119479828173,
      0.8046908276465238,
      0.7810101759098375,
      0.7623234514690116,
      0.7389480634723478,
      0.7149103559039133,
      0.6964221056312552,
      0.6655469266197566,
      0.6495383601359395,
      0.6234952029212356,
      0.605129782882188,
      0.5794085687993432,
      0.559412824375855,
      0.5360857817675452,
      0.5164459663278916,
      0.49289984646660595,
      0.4704395587486989,
      0.45381749606193483,
      0.4192936995907513,
      0.4022469812875514,
      0.38207292671093857,
      0.3646986853055027,
      0.33895458361072006,
      0.3141360289376715,
      0.29681087344351326,
      0.28302999473441287,
      0.2627672136515912,
      0.24241781482458724,
      0.22359922244344527,
      0.2165121887346058,
      0.20794311987088465,
      0.16905812713343774
    ],
    "train_acc": [
      10.088,
      11.894,
      16.91,
      28.358,
      34.174,
      36.838,
      39.33,
      41.262,
      42.74,
      43.954,
      45.164,
      45.888,
      46.824,
      47.774,
      48.382,
      49.322,
      49.986,
      50.734,
      51.424,
      51.868,
      52.93,
      53.704,
      54.466,
      55.336,
      56.066,
      56.956,
      57.8,
      58.352,
      59.432,
      60.35,
      61.272,
      61.984,
      62.954,
      63.82,
      64.782,
      65.612,
      66.358,
      66.964,
      68.268,
      68.932,
      69.988,
      70.95,
      71.77,
      72.644,
      73.278,
      74.152,
      75.044,
      75.76,
      76.684,
      77.406,
      78.592,
      79.284,
      80.188,
      80.834,
      81.848,
      82.59,
      83.542,
      84.318,
      85.026,
      85.98,
      86.7,
      87.792,
      88.476,
      89.344,
      89.916,
      90.888,
      91.854,
      92.4,
      92.906,
      93.622,
      94.36,
      94.994,
      95.16,
      95.516,
      96.84
    ],
    "test_loss": [
      2.300807466141332,
      2.2864748906022823,
      2.1275634430467893,
      1.9064730638132308,
      1.8230009189428993,
      1.7395941655095013,
      1.6961708960060875,
      1.6620152621223523,
      1.6236958138097208,
      1.5766454996011507,
      1.5540107960899037,
      1.534987478972243,
      1.5380779858976126,
      1.4971178461568424,
      1.4850258526329796,
      1.4680854950469142,
      1.4738574953505788,
      1.4261671121889792,
      1.4191567195109285,
      1.4058316816537144,
      1.3732575808470242,
      1.3551519873043218,
      1.3270981902131638,
      1.334130759246814,
      1.3076282855801689,
      1.2797380438247048,
      1.2814592614341467,
      1.2406212241885761,
      1.2619039884771401,
      1.2421390985528502,
      1.2602494995053204,
      1.2157266829341364,
      1.210174646430884,
      1.2315085277008935,
      1.1906697571087188,
      1.1938290331310357,
      1.1583981397814644,
      1.1685120623332623,
      1.1864865471760686,
      1.1402971241801692,
      1.1337671571265395,
      1.1284350467185242,
      1.134491896096129,
      1.157760084056245,
      1.1326622900109702,
      1.1554457773796667,
      1.1431184395814475,
      1.1781987658323951,
      1.1518907086156047,
      1.1709457506386998,
      1.1574566699445439,
      1.1726449713729823,
      1.1778275814300148,
      1.2024269448682523,
      1.2251905635142097,
      1.266048013116605,
      1.299897594002489,
      1.2890385008467653,
      1.294443418804449,
      1.3550728330025659,
      1.383894328301707,
      1.3997227972307906,
      1.4753454485640358,
      1.485380390010322,
      1.451364312689906,
      1.5677360650449514,
      1.6005898814993544,
      1.6664526879597015,
      1.6825879835092221,
      1.6708943096403115,
      1.7304116281838462,
      1.8232662317851862,
      1.8074602505650383,
      1.9080138772059554,
      1.917885663029485
    ],
    "test_acc": [
      11.91,
      12.95,
      22.07,
      33.75,
      35.75,
      38.51,
      40.45,
      41.65,
      42.19,
      44.07,
      45.04,
      45.22,
      45.47,
      47.04,
      47.21,
      48.16,
      47.78,
      49.61,
      50.0,
      50.24,
      51.5,
      52.03,
      52.72,
      52.82,
      53.53,
      54.64,
      54.36,
      55.82,
      54.95,
      55.67,
      55.32,
      57.0,
      57.46,
      56.38,
      57.77,
      57.98,
      59.21,
      59.23,
      59.02,
      60.5,
      60.28,
      61.09,
      61.05,
      60.28,
      61.45,
      60.82,
      61.56,
      61.43,
      61.55,
      61.65,
      62.06,
      62.19,
      62.09,
      62.44,
      61.73,
      61.11,
      61.15,
      62.08,
      61.77,
      60.97,
      60.94,
      61.58,
      60.59,
      61.33,
      61.68,
      61.31,
      61.58,
      60.43,
      62.03,
      61.9,
      61.23,
      61.21,
      61.22,
      60.93,
      61.28
    ]
  }
}