{
  "config": {
    "run_name": "exp1_4_L32_K32",
    "out_dir": "./results",
    "seed": 1572542752,
    "device": null,
    "bs_train": 128,
    "bs_test": 32,
    "batches": 100,
    "epochs": 75,
    "early_stopping": 5,
    "checkpoints": null,
    "lr": 0.0005,
    "reg": 0.002,
    "filters_per_layer": [
      32
    ],
    "pool_every": 4,
    "hidden_dims": [
      100
    ],
    "model_type": "resnet",
    "kw": {},
    "layers_per_block": 32
  },
  "results": {
    "num_epochs": 0,
    "train_loss": [
      2.3020706152367163,
      2.2945541225735795,
      2.288954913463739,
      2.2828854490119173,
      2.2757700068871385,
      2.2672500128636273,
      2.257563645882375,
      2.246587161822697,
      2.234716259914896,
      2.2221882221338998,
      2.208926947220512,
      2.193757587076758,
      2.1737300977682517,
      2.1431757519617105,
      2.105010415282091,
      2.078580988642505,
      2.061416461644575,
      2.0482986854470293,
      2.0363268715036495,
      2.0237976754717812,
      2.011236224942805,
      1.9976304982934157,
      1.982106096299408,
      1.9647390845486574,
      1.9474946818388332,
      1.9246690133038689,
      1.8972099083463858,
      1.854648509903637,
      1.7958088601031876,
      1.7620721732259101,
      1.728862547508591,
      1.6985060324144485,
      1.6684554318332916,
      1.6516679522326536,
      1.6288605007674077,
      1.6162035093283105,
      1.5963215882820851,
      1.5823260551828253,
      1.5689002967551542,
      1.549158678335302,
      1.5327697644758103,
      1.5201773649591315,
      1.512445467512321,
      1.4959766751969867,
      1.4858289621675107,
      1.474520725362441,
      1.475452905420757,
      1.4578263021795952,
      1.4444640377903228,
      1.435457970785058,
      1.4253602927298192,
      1.411910008286576,
      1.4128235578536987,
      1.39887093644008,
      1.3883941582096813,
      1.379257500628986,
      1.370423090732311,
      1.3667145525403035,
      1.354387902237875,
      1.3428115756310466,
      1.3325107896419437,
      1.3280758290644497,
      1.322901295883881,
      1.3087473738833766,
      1.300641815070911,
      1.2879954216730258,
      1.2878379465064125,
      1.2765222242116319,
      1.2663400731123318,
      1.2667539494726665,
      1.2485169275947239,
      1.2435160512509553,
      1.2455626358766385,
      1.2288860975933806,
      1.2193107572967743
    ],
    "train_acc": [
      10.168,
      10.69,
      13.132,
      14.474,
      15.602,
      16.548,
      16.884,
      17.654,
      18.068,
      18.464,
      18.922,
      19.198,
      19.616,
      20.678,
      22.21,
      23.784,
      24.092,
      24.572,
      24.764,
      25.202,
      25.896,
      26.124,
      26.718,
      27.518,
      28.452,
      29.622,
      30.91,
      33.088,
      34.9,
      36.014,
      37.076,
      38.246,
      39.232,
      39.986,
      40.722,
      41.482,
      42.242,
      42.888,
      43.534,
      44.006,
      44.83,
      45.544,
      45.632,
      46.442,
      46.866,
      47.286,
      47.636,
      48.034,
      48.492,
      48.816,
      49.29,
      49.964,
      49.73,
      50.358,
      50.714,
      51.196,
      51.424,
      51.562,
      52.046,
      52.438,
      52.978,
      53.088,
      53.106,
      53.788,
      54.306,
      54.454,
      54.628,
      54.992,
      55.45,
      55.318,
      55.982,
      56.248,
      56.368,
      56.968,
      57.148
    ],
    "test_loss": [
      2.2974600555797737,
      2.2918276002231877,
      2.286001025678251,
      2.279424495971241,
      2.2715250173696693,
      2.262156893270084,
      2.2514807797087646,
      2.2397177607868426,
      2.2269938258698194,
      2.2139705834678187,
      2.1991371057284907,
      2.180679453828464,
      2.1543922138671143,
      2.1147439658832243,
      2.0806645779563975,
      2.0651821716905783,
      2.044014524347104,
      2.0348913821930323,
      2.020837416664099,
      2.009657007436783,
      1.9943478156964238,
      1.9795375830068376,
      1.9659452346948008,
      1.953061715482523,
      1.9287889178949422,
      1.902135868042041,
      1.8651216014886436,
      1.8369578854344524,
      1.7590147519644839,
      1.723459683287258,
      1.7321880061786397,
      1.676259161946111,
      1.6571663267696246,
      1.689914410868392,
      1.6001194704074067,
      1.601739472474534,
      1.5838511397663397,
      1.5937867061779523,
      1.5549717768312643,
      1.535020624486783,
      1.504775631542023,
      1.5389911503837512,
      1.5020086472026837,
      1.5438931277765633,
      1.4692186835094,
      1.5301647350049248,
      1.4701105527603588,
      1.4552663953159564,
      1.4220602228618657,
      1.4264837116859972,
      1.4498589155011283,
      1.4086969593843333,
      1.4003652627475727,
      1.3917685459597042,
      1.384482817718396,
      1.4198984056235122,
      1.3951994986198961,
      1.3619798437094155,
      1.3644614358679554,
      1.368293877417287,
      1.3491284849163823,
      1.3501292668973295,
      1.3359865481480242,
      1.3450017455286873,
      1.3155352094302923,
      1.3218792294161008,
      1.3018123617949195,
      1.284374637725635,
      1.2872015289224374,
      1.2764936959781585,
      1.333993682274803,
      1.301828269950879,
      1.3124807646480232,
      1.2511173564785967,
      1.2703990258347875
    ],
    "test_acc": [
      10.8,
      11.58,
      13.28,
      14.28,
      15.65,
      16.24,
      16.81,
      17.19,
      17.81,
      17.94,
      18.62,
      19.13,
      20.22,
      21.25,
      23.52,
      23.31,
      24.77,
      24.01,
      25.68,
      25.25,
      25.59,
      25.85,
      27.16,
      28.51,
      29.15,
      30.28,
      32.62,
      32.07,
      36.06,
      37.3,
      36.94,
      38.77,
      39.75,
      37.97,
      41.67,
      41.65,
      42.08,
      41.54,
      42.87,
      44.18,
      45.64,
      44.01,
      45.2,
      45.29,
      46.81,
      45.41,
      47.07,
      47.83,
      48.65,
      48.97,
      47.9,
      49.06,
      48.81,
      49.65,
      49.73,
      47.86,
      49.65,
      51.19,
      50.72,
      50.66,
      51.2,
      51.43,
      51.81,
      52.55,
      52.39,
      52.34,
      53.1,
      54.11,
      53.96,
      54.21,
      52.57,
      54.0,
      53.49,
      54.75,
      54.38
    ]
  }
}