{
  "config": {
    "run_name": "exp1_4_L4_K64-128-256",
    "out_dir": "./results",
    "seed": 442856231,
    "device": null,
    "bs_train": 128,
    "bs_test": 32,
    "batches": 100,
    "epochs": 75,
    "early_stopping": 5,
    "checkpoints": null,
    "lr": 0.0005,
    "reg": 0.002,
    "filters_per_layer": [
      64,
      128,
      256
    ],
    "pool_every": 4,
    "hidden_dims": [
      100
    ],
    "model_type": "resnet",
    "kw": {},
    "layers_per_block": 4
  },
  "results": {
    "num_epochs": 0,
    "train_loss": [
      2.301705861030637,
      2.298642605466916,
      2.295222823882042,
      2.290690711697044,
      2.2839584990840436,
      2.272574280229066,
      2.249785284252118,
      2.194110695968199,
      2.105298348095106,
      2.0164998980129467,
      1.9738650233544353,
      1.9461340163369922,
      1.9203196160323786,
      1.8942653760885644,
      1.8590458378462535,
      1.814440323568671,
      1.7710158391986661,
      1.7302803767611608,
      1.692292815584051,
      1.649833709077762,
      1.6192763171842337,
      1.5875364401761223,
      1.562134291509838,
      1.543173781746184,
      1.5157293819100655,
      1.503814714034195,
      1.480430072225878,
      1.4631620569302297,
      1.4427915165186538,
      1.4231209553721007,
      1.4051992451138509,
      1.387670502638268,
      1.3636354012867373,
      1.3436511800722089,
      1.3277119224333702,
      1.3102466133244508,
      1.2857842670987025,
      1.2682117184104822,
      1.2550171354542607,
      1.2339184395492535,
      1.2036859835200298,
      1.1904621874279988,
      1.1680343841652736,
      1.1446380400291793,
      1.127995647127976,
      1.0997073920181646,
      1.0775664659107433,
      1.0581626102442632,
      1.0326248930238398,
      1.006778072518156,
      0.985564140255189,
      0.9639017830419419,
      0.9346569589031931,
      0.9080248638187223,
      0.8838701469209188,
      0.8606223598160707,
      0.8307092185215572,
      0.799950965987447,
      0.7722066819210491,
      0.7405672116047891,
      0.7022951409182585,
      0.6804548452424881,
      0.6495788899224127,
      0.6091517308331511,
      0.5743716619051326,
      0.548621800854383,
      0.5028439590998013
    ],
    "train_acc": [
      10.0,
      10.914,
      13.614,
      16.738,
      16.474,
      18.418,
      19.144,
      21.298,
      24.44,
      26.948,
      28.55,
      29.784,
      30.964,
      32.308,
      34.066,
      35.56,
      37.36,
      38.662,
      40.388,
      41.804,
      42.808,
      43.982,
      44.698,
      45.43,
      46.338,
      47.024,
      47.862,
      48.456,
      49.216,
      50.112,
      50.676,
      51.506,
      52.202,
      52.976,
      53.656,
      54.482,
      55.01,
      55.794,
      56.26,
      56.868,
      58.104,
      58.79,
      59.428,
      60.32,
      61.188,
      62.312,
      63.12,
      63.824,
      64.934,
      65.64,
      66.672,
      67.486,
      68.64,
      69.614,
      70.54,
      71.59,
      72.778,
      73.95,
      75.112,
      76.198,
      77.658,
      78.852,
      79.848,
      81.338,
      82.754,
      83.918,
      85.938
    ],
    "test_loss": [
      2.3001469689817093,
      2.297001272725602,
      2.293148240342308,
      2.287663781985688,
      2.2791889970675827,
      2.2638035704152655,
      2.2297389469207665,
      2.147695689155652,
      2.05333593440132,
      1.9737125357119039,
      1.952591790558812,
      1.9192839346754664,
      1.9062242827857265,
      1.8879332709997987,
      1.8194786020742058,
      1.793047284927612,
      1.7381715397484385,
      1.7335694594124256,
      1.6574144534790478,
      1.6127525514687975,
      1.610081416730302,
      1.5542594819023205,
      1.5952737498968934,
      1.5076534367217043,
      1.5000948195640271,
      1.49333705879248,
      1.4901832229794023,
      1.4278427189150558,
      1.4148517260536217,
      1.416745313440268,
      1.4062359725324491,
      1.3810159503080595,
      1.3599031213373423,
      1.3466088135783283,
      1.3371278186575672,
      1.3617586255454408,
      1.3068197786617584,
      1.2866562020283538,
      1.268505516524513,
      1.2704219222068787,
      1.2564548701523972,
      1.2636563299943844,
      1.229087088816463,
      1.2220257128389498,
      1.2051229600708324,
      1.2131409292784743,
      1.2040149969414782,
      1.1975786680230698,
      1.1853491604899447,
      1.189717957196525,
      1.19101495674243,
      1.1787312746809695,
      1.1634066504792284,
      1.168003768204881,
      1.2359352610743464,
      1.1707154906595858,
      1.149697781751712,
      1.1585468146176383,
      1.1827439168771616,
      1.240960259216662,
      1.2365012435486522,
      1.2171186361069115,
      1.2825375673489068,
      1.2908165407256957,
      1.27993385384258,
      1.3450475870229948,
      1.4018044123253501
    ],
    "test_acc": [
      10.0,
      13.04,
      16.06,
      15.92,
      18.15,
      19.17,
      20.77,
      23.53,
      26.41,
      28.99,
      29.52,
      30.93,
      31.9,
      33.21,
      35.59,
      36.0,
      38.59,
      38.34,
      41.29,
      42.96,
      43.24,
      44.91,
      43.88,
      46.64,
      47.08,
      46.54,
      47.87,
      49.27,
      50.14,
      50.64,
      50.35,
      51.66,
      52.06,
      52.22,
      52.84,
      52.08,
      53.82,
      54.7,
      55.38,
      55.04,
      55.51,
      55.15,
      56.88,
      57.24,
      57.97,
      57.78,
      58.39,
      58.14,
      58.43,
      58.7,
      58.19,
      59.43,
      59.91,
      59.5,
      58.05,
      60.04,
      60.95,
      60.77,
      60.83,
      60.31,
      59.92,
      61.29,
      60.42,
      60.62,
      60.13,
      60.1,
      59.91
    ]
  }
}