{
  "config": {
    "run_name": "exp1_2_L2_K64",
    "out_dir": "./results",
    "seed": 264952723,
    "device": null,
    "bs_train": 128,
    "bs_test": 32,
    "batches": 100,
    "epochs": 75,
    "early_stopping": 5,
    "checkpoints": null,
    "lr": 0.0005,
    "reg": 0.002,
    "filters_per_layer": [
      64
    ],
    "pool_every": 4,
    "hidden_dims": [
      100
    ],
    "model_type": "cnn",
    "kw": {},
    "layers_per_block": 2
  },
  "results": {
    "num_epochs": 0,
    "train_loss": [
      2.211320317919602,
      1.9399528043044498,
      1.850743163882009,
      1.782141937319275,
      1.7136411459549614,
      1.652619370719051,
      1.6011770454514058,
      1.5526053942073033,
      1.5209422276148101,
      1.4878220561215334,
      1.4580491333056593,
      1.4275765013511834,
      1.4033972881639096,
      1.3773118852044615,
      1.3565082607976615,
      1.331280419893582,
      1.3110320818088854,
      1.2911959999357647,
      1.2704106712585215,
      1.2514718197800618,
      1.231660826736704,
      1.2120707475620767,
      1.1926139934593454,
      1.1739607375601064,
      1.151385663720348,
      1.1355623471767395,
      1.1175551823033092,
      1.1015527544119168,
      1.0853523112014127,
      1.0653848805086081,
      1.0488782707992417,
      1.035517583265329,
      1.0145101320103307,
      1.002869945810274,
      0.9847985170686336,
      0.9683264275950849,
      0.9508590257686117,
      0.9358163125374738,
      0.9190127768784838,
      0.9019034288423445,
      0.8876333108643437,
      0.8694159588240602,
      0.8504575612904776,
      0.8344523392979751,
      0.8161287127858232,
      0.7980197437888826,
      0.7821597110889756,
      0.7596233590789463,
      0.7434428175696937,
      0.7273842898171271,
      0.704284346469528,
      0.6868848577332314,
      0.6699160979989239,
      0.6499945910842827,
      0.6313987115917303,
      0.6138061049496731,
      0.5931077309124305,
      0.5731555375144305,
      0.5564555211750137,
      0.5377452413139441,
      0.5176521176877229,
      0.4979507449795218,
      0.47924930527996834,
      0.46335220817104933,
      0.44343842783242543,
      0.4263016953492713,
      0.40700766794821797,
      0.3891562787087067,
      0.37253556234757307,
      0.35785403333204174,
      0.3356148323515797,
      0.32467020209640496,
      0.30362395934589076,
      0.2921740413855409,
      0.27312662141859684
    ],
    "train_acc": [
      19.26,
      31.998,
      35.464,
      37.812,
      40.272,
      42.556,
      44.026,
      45.772,
      46.88,
      47.922,
      48.796,
      50.0,
      50.976,
      51.612,
      52.654,
      53.406,
      54.246,
      54.898,
      55.55,
      56.27,
      56.85,
      57.892,
      58.426,
      59.048,
      59.904,
      60.508,
      61.26,
      62.022,
      62.656,
      63.07,
      64.016,
      64.4,
      65.368,
      65.748,
      66.39,
      66.994,
      67.76,
      68.122,
      68.928,
      69.656,
      70.172,
      70.788,
      71.526,
      72.184,
      72.91,
      73.712,
      74.036,
      75.142,
      75.55,
      76.198,
      77.15,
      77.68,
      78.486,
      79.108,
      79.872,
      80.666,
      81.504,
      82.272,
      82.772,
      83.708,
      84.496,
      85.094,
      85.786,
      86.458,
      87.25,
      87.948,
      88.546,
      89.572,
      89.984,
      90.704,
      91.524,
      91.83,
      92.538,
      93.124,
      93.762
    ],
    "test_loss": [
      2.0263842519479818,
      1.8847585550893229,
      1.8114955394793624,
      1.7440185607812655,
      1.6711137412835995,
      1.6311178443530878,
      1.5825301252614956,
      1.5311018011440485,
      1.5035614773107413,
      1.4776909450372568,
      1.4519233033299066,
      1.426413130836365,
      1.404932506739522,
      1.3789941679936248,
      1.3573984383775022,
      1.3422462905938632,
      1.3485162998921574,
      1.3126614507013998,
      1.2966782481144792,
      1.2852326290676008,
      1.2933561358208092,
      1.2614941324669713,
      1.2337485071950065,
      1.2347834277838563,
      1.2572782942281364,
      1.2193606463484108,
      1.190289911751549,
      1.196410955331577,
      1.183744348847447,
      1.1662436982694144,
      1.1526459623068666,
      1.1509221283772502,
      1.1985864224144445,
      1.149891180352281,
      1.136642309613883,
      1.1234744057868615,
      1.1228638481789124,
      1.120866325716622,
      1.1389876478396284,
      1.1196951542418605,
      1.1132523891643975,
      1.1229089610873701,
      1.124128170287647,
      1.1122397677586102,
      1.1163244087475177,
      1.1293784214284854,
      1.1132236524892691,
      1.111953237567085,
      1.1207041666149713,
      1.119846102909539,
      1.1344463284404134,
      1.143279367742447,
      1.1303397179030763,
      1.1288638989003703,
      1.1638827789515351,
      1.1635873787128888,
      1.1602506637573242,
      1.1662328619355211,
      1.1832811668658028,
      1.2091142262894505,
      1.2173751651669462,
      1.225646244832121,
      1.2190500510195954,
      1.2667653006486619,
      1.2917544705608783,
      1.2881899709328295,
      1.283064935725337,
      1.3069482239100119,
      1.3264715764850092,
      1.364248767828408,
      1.4288676546785397,
      1.4182909121528602,
      1.4038332169429182,
      1.434452198755246,
      1.4671622194802036
    ],
    "test_acc": [
      29.84,
      33.68,
      36.97,
      38.5,
      41.26,
      42.16,
      44.02,
      45.52,
      46.7,
      47.63,
      48.18,
      49.18,
      50.28,
      51.07,
      52.0,
      52.28,
      51.95,
      53.85,
      54.27,
      54.85,
      54.29,
      55.01,
      55.89,
      55.82,
      55.3,
      56.8,
      58.16,
      57.84,
      58.4,
      58.95,
      59.5,
      59.3,
      57.96,
      59.8,
      60.11,
      60.82,
      60.85,
      60.67,
      60.5,
      61.09,
      61.24,
      61.0,
      61.05,
      61.35,
      61.53,
      61.02,
      62.0,
      62.13,
      62.14,
      61.75,
      61.7,
      61.3,
      62.08,
      62.28,
      61.23,
      61.84,
      62.03,
      61.9,
      61.7,
      61.67,
      61.74,
      61.39,
      61.61,
      60.66,
      61.26,
      61.0,
      61.66,
      61.71,
      60.68,
      60.78,
      60.89,
      59.93,
      60.79,
      60.64,
      60.92
    ]
  }
}