{
  "config": {
    "run_name": "exp1_3_L2_K64-128",
    "out_dir": "./results",
    "seed": 1825142542,
    "device": null,
    "bs_train": 128,
    "bs_test": 32,
    "batches": 100,
    "epochs": 75,
    "early_stopping": 5,
    "checkpoints": null,
    "lr": 0.0005,
    "reg": 0.002,
    "filters_per_layer": [
      64,
      128
    ],
    "pool_every": 4,
    "hidden_dims": [
      100
    ],
    "model_type": "cnn",
    "kw": {},
    "layers_per_block": 2
  },
  "results": {
    "num_epochs": 0,
    "train_loss": [
      2.302406982387728,
      2.2959092962162573,
      2.2422089905994933,
      2.021112858182024,
      1.9029149448170382,
      1.8204310830596768,
      1.743174222424207,
      1.6774469062190531,
      1.6255215336294735,
      1.5931864827490219,
      1.5579637889666935,
      1.531318148383704,
      1.5046354065770688,
      1.4791704083952453,
      1.4499426345386164,
      1.4174224336433898,
      1.3886566119425743,
      1.3630095363577919,
      1.341640109296345,
      1.3183838284533957,
      1.2940820678115805,
      1.2658604136513323,
      1.2389540666204584,
      1.2121929631513708,
      1.1852609225551185,
      1.1613191379915417,
      1.132949259884827,
      1.1039346912327934,
      1.080098577777443,
      1.0534434922211005,
      1.0251967466395835,
      1.0002577013676734,
      0.9745447655468036,
      0.9448472415394795,
      0.9256867973700814,
      0.8924717040318052,
      0.8650373409471244,
      0.841341273863907,
      0.8157090395307907,
      0.7864534912816704,
      0.7652112846179386,
      0.7351496263080851,
      0.7152807496087935,
      0.6839624975648377,
      0.6632244477948874,
      0.6378951834138397,
      0.6117267129976122
    ],
    "train_acc": [
      10.012,
      15.098,
      17.066,
      27.186,
      32.352,
      35.976,
      38.824,
      41.108,
      43.176,
      44.118,
      45.378,
      46.682,
      47.456,
      48.546,
      49.314,
      50.352,
      51.48,
      52.486,
      53.26,
      54.092,
      55.136,
      55.956,
      56.834,
      58.174,
      58.956,
      59.902,
      61.022,
      62.046,
      62.98,
      63.778,
      64.87,
      65.968,
      66.948,
      67.874,
      68.792,
      69.816,
      71.038,
      71.756,
      72.65,
      74.036,
      74.756,
      75.62,
      76.542,
      77.786,
      78.448,
      79.516,
      80.502
    ],
    "test_loss": [
      2.3005003312144416,
      2.2866966610137647,
      2.1417359764964434,
      1.9349291735944656,
      1.8790142589483778,
      1.7753640805570463,
      1.6870465034874864,
      1.6279857189129716,
      1.6017209101027954,
      1.5589525512993907,
      1.5338496640086554,
      1.4987474668521088,
      1.484024891838098,
      1.4547009445226993,
      1.426783426881979,
      1.419974566077272,
      1.3930489917913564,
      1.4163425882784322,
      1.364005428914445,
      1.3533556905036537,
      1.3146809111007105,
      1.2929454082117293,
      1.276253874690388,
      1.2585846829338196,
      1.2754645355212422,
      1.2302214510905476,
      1.2178257720919843,
      1.2219373840874377,
      1.2034970466702128,
      1.1958518605262707,
      1.1686069622588233,
      1.1473126083898086,
      1.1277863840325573,
      1.1290751882254506,
      1.1296563767396604,
      1.1078985872360083,
      1.1103427958564636,
      1.1058090235859441,
      1.1365416179449794,
      1.0916860145501817,
      1.102466123839156,
      1.0997273421135192,
      1.1266322548206622,
      1.1312525677985656,
      1.1286331853165794,
      1.13560151492064,
      1.1617310965023102
    ],
    "test_acc": [
      10.16,
      18.34,
      22.33,
      29.96,
      33.17,
      36.63,
      40.05,
      42.72,
      43.07,
      44.84,
      45.82,
      46.97,
      47.18,
      48.68,
      50.06,
      49.64,
      51.02,
      50.05,
      51.2,
      52.25,
      54.03,
      53.86,
      54.95,
      55.45,
      54.91,
      56.0,
      56.67,
      56.17,
      56.68,
      57.29,
      58.61,
      59.07,
      59.82,
      60.14,
      60.47,
      61.19,
      61.27,
      61.21,
      60.22,
      62.42,
      62.43,
      63.24,
      62.63,
      62.46,
      62.98,
      62.68,
      62.41
    ]
  }
}