{
  "config": {
    "run_name": "exp1_2_L2_K128",
    "out_dir": "./results",
    "seed": 574703592,
    "device": null,
    "bs_train": 128,
    "bs_test": 32,
    "batches": 100,
    "epochs": 75,
    "early_stopping": 5,
    "checkpoints": null,
    "lr": 0.0005,
    "reg": 0.002,
    "filters_per_layer": [
      128
    ],
    "pool_every": 4,
    "hidden_dims": [
      100
    ],
    "model_type": "cnn",
    "kw": {},
    "layers_per_block": 2
  },
  "results": {
    "num_epochs": 0,
    "train_loss": [
      2.093115086445723,
      1.878312809083163,
      1.7878115113129092,
      1.7012826515280681,
      1.6328040477259995,
      1.576579268631118,
      1.5218946061780692,
      1.4828529223761595,
      1.4420528735041314,
      1.4097013744856695,
      1.379678190821577,
      1.3504446754065316,
      1.322006315831333,
      1.2978488563576622,
      1.2711028180768729,
      1.2462749548275451,
      1.2218868340677618,
      1.1963020602760412,
      1.1719212428383206,
      1.1568125747048947,
      1.1327897607517974,
      1.1154381207492956,
      1.0933420623050016,
      1.072765621077984,
      1.051164748571108,
      1.0326610309693514,
      1.0153653833567333,
      0.9948729057141277,
      0.9762748171911215,
      0.9563139244113736,
      0.9439575519708111,
      0.9177796901644343,
      0.9032045108887851,
      0.8841933984585735,
      0.8620587666626172,
      0.843089410258681,
      0.8286280584762163,
      0.8055358865986699,
      0.7885084752841374,
      0.7709721319205926,
      0.7526164038102036,
      0.7299443753174198,
      0.70978715253608,
      0.695464139094438,
      0.6755669849455509,
      0.6542691689775423,
      0.6347541581944126,
      0.6180212557163385,
      0.5966147977067991,
      0.5738145022288613,
      0.5544536904148434,
      0.5315290732914225,
      0.5136386742982109,
      0.4938572893667099,
      0.4756891927908144,
      0.45176330002982296,
      0.4409001007714235,
      0.4168552121390467,
      0.3966838254800538,
      0.3817904609472246,
      0.3604952485665031,
      0.3433556093660462,
      0.32208554884966684,
      0.3064100679076846,
      0.2930083130784047,
      0.2698982288999021,
      0.2552118699645142,
      0.24342728571971053,
      0.22366800736588285,
      0.21095773432870654,
      0.19805536293388937,
      0.18537417332382153,
      0.17202386338158945,
      0.15984330080506748,
      0.14704838738112194
    ],
    "train_acc": [
      25.69,
      34.27,
      37.438,
      40.488,
      43.054,
      44.698,
      46.424,
      47.784,
      49.172,
      50.188,
      51.278,
      52.598,
      53.57,
      54.498,
      55.45,
      56.388,
      57.394,
      58.262,
      59.338,
      59.834,
      60.692,
      61.374,
      62.28,
      63.012,
      63.898,
      64.628,
      65.308,
      66.158,
      66.86,
      67.43,
      68.094,
      69.06,
      69.692,
      70.336,
      71.3,
      71.908,
      72.378,
      73.34,
      73.948,
      74.72,
      75.162,
      76.208,
      77.014,
      77.398,
      78.268,
      79.096,
      79.766,
      80.512,
      81.434,
      82.134,
      82.878,
      83.71,
      84.53,
      85.376,
      86.078,
      87.074,
      87.476,
      88.316,
      89.22,
      89.782,
      90.712,
      91.374,
      92.09,
      92.688,
      93.082,
      93.948,
      94.514,
      94.9,
      95.64,
      96.012,
      96.402,
      96.856,
      97.26,
      97.664,
      97.994
    ],
    "test_loss": [
      1.9416527690978858,
      1.8280055720966084,
      1.7278724409901678,
      1.6569693697908054,
      1.5936264492833196,
      1.5443828719111676,
      1.5008167702549944,
      1.4541288027748132,
      1.4295434039621688,
      1.3961973616871208,
      1.3739144268889016,
      1.3546228384057555,
      1.3280357606113908,
      1.3099587224542903,
      1.3032147751067773,
      1.2637892058863045,
      1.2526846025317622,
      1.2350753271541657,
      1.2154254709569792,
      1.2150747657964787,
      1.2092465784983895,
      1.1845384626723707,
      1.1741403505063286,
      1.1682844055346406,
      1.1578220252792675,
      1.16614674874388,
      1.141386012299754,
      1.1323596926542898,
      1.1372978336894854,
      1.1253085841005221,
      1.1112317193430452,
      1.1078850474601356,
      1.1178928302309383,
      1.1022982738269405,
      1.1014346049997372,
      1.1157770248266836,
      1.0893106974732762,
      1.0911743875128774,
      1.099525781104359,
      1.1103543132638778,
      1.0938666786629552,
      1.129932969142073,
      1.1132576975959558,
      1.1095151334715347,
      1.1460428931080877,
      1.131690434659251,
      1.1569877285926868,
      1.1318761062698242,
      1.1420148243538488,
      1.14779753397448,
      1.1543881226652346,
      1.1662022043912175,
      1.186941647491516,
      1.1981641130325513,
      1.203844590118518,
      1.2248392207934833,
      1.2728415246779166,
      1.2550686647335942,
      1.2726546457400336,
      1.3019650247150336,
      1.3294417346818759,
      1.3529919956248408,
      1.378568069241679,
      1.3828502116492762,
      1.432293582648134,
      1.4531514764593814,
      1.4929006631001116,
      1.4589224834792531,
      1.473615052601019,
      1.4896744918137694,
      1.5216345444274024,
      1.579409187594161,
      1.5583586756604166,
      1.6419546678424262,
      1.6255306281601658
    ],
    "test_acc": [
      31.67,
      36.04,
      39.79,
      41.87,
      43.56,
      44.81,
      46.28,
      47.9,
      49.28,
      49.84,
      51.07,
      51.82,
      52.64,
      53.14,
      53.39,
      54.92,
      55.56,
      56.17,
      56.62,
      56.68,
      57.33,
      57.95,
      58.55,
      58.97,
      58.75,
      58.61,
      59.4,
      59.86,
      59.79,
      59.99,
      60.94,
      60.54,
      60.16,
      61.09,
      61.03,
      60.79,
      61.38,
      61.48,
      61.33,
      61.37,
      62.07,
      61.64,
      61.91,
      61.88,
      60.65,
      61.08,
      60.75,
      61.79,
      61.35,
      61.74,
      61.82,
      61.46,
      61.48,
      61.19,
      61.47,
      61.6,
      60.91,
      61.68,
      61.25,
      60.56,
      60.58,
      60.86,
      60.51,
      60.63,
      60.91,
      60.19,
      59.68,
      60.98,
      61.16,
      61.23,
      60.74,
      60.69,
      60.82,
      60.56,
      60.62
    ]
  }
}