{
  "config": {
    "run_name": "exp1_4_L8_K64-128-256",
    "out_dir": "./results",
    "seed": 2096709496,
    "device": null,
    "bs_train": 128,
    "bs_test": 32,
    "batches": 100,
    "epochs": 75,
    "early_stopping": 5,
    "checkpoints": null,
    "lr": 0.0005,
    "reg": 0.002,
    "filters_per_layer": [
      64,
      128,
      256
    ],
    "pool_every": 4,
    "hidden_dims": [
      100
    ],
    "model_type": "resnet",
    "kw": {},
    "layers_per_block": 8
  },
  "results": {
    "num_epochs": 0,
    "train_loss": [
      2.302883701251291,
      2.3018936763334152,
      2.3010584173909843,
      2.3003016743818514,
      2.2995180290983157,
      2.298638986504596,
      2.2976033931498026,
      2.296344672322578,
      2.29476823404317,
      2.2927036785408665,
      2.290035830739209,
      2.286563336087005,
      2.2819724570759727,
      2.275954561770115,
      2.268163598102072,
      2.2582253165867017,
      2.2459774377096036,
      2.2321492284155258,
      2.2162399359066467,
      2.197126094032736,
      2.1720320184517394,
      2.1392059490808744,
      2.1077688185455243,
      2.082581974356376,
      2.0638823673853177,
      2.048843679525663,
      2.032679573654214,
      2.0161332785321013,
      1.9989825959705636,
      1.9833251509215215,
      1.9627986408560478,
      1.943894223788815,
      1.9165825121238103,
      1.8778459803222696,
      1.848870789303499,
      1.8273198967394622,
      1.8039864054726213,
      1.7833587976977647,
      1.7609582197330798,
      1.7347846104360907,
      1.7203855484038058,
      1.6941157926988724,
      1.68253330592914,
      1.6639938281320246,
      1.6456919024362588,
      1.6390121294104534,
      1.625984338238416,
      1.6145218857718855,
      1.5998834112416143,
      1.5984832749647253,
      1.580503638748013,
      1.5735349124654785,
      1.5634275217495306,
      1.5550741551782163,
      1.5443512170820894,
      1.5380372376088292,
      1.5285384502557233,
      1.5164340450940534,
      1.5129200332914776,
      1.4989249855661027,
      1.4925934179969456,
      1.4781428121239937,
      1.4728753929552825,
      1.4610503722944528,
      1.4511849456431005,
      1.446850067514288,
      1.427824342647172,
      1.4203228910865686,
      1.4131976445312695,
      1.4106646553634683,
      1.3919522512294447,
      1.383493654868182,
      1.3860644821620658,
      1.3616477516301149,
      1.3553677089988727
    ],
    "train_acc": [
      10.0,
      10.0,
      10.0,
      10.0,
      10.056,
      11.346,
      12.682,
      13.102,
      13.348,
      13.83,
      13.88,
      14.67,
      14.494,
      15.774,
      15.774,
      16.086,
      16.372,
      16.784,
      17.058,
      18.108,
      19.546,
      21.634,
      20.85,
      21.95,
      23.086,
      23.618,
      24.054,
      24.73,
      25.236,
      25.538,
      25.998,
      26.922,
      27.736,
      28.868,
      29.264,
      30.34,
      31.416,
      32.522,
      33.296,
      34.564,
      35.268,
      36.414,
      37.032,
      37.942,
      38.752,
      39.068,
      39.56,
      40.026,
      40.59,
      41.058,
      41.434,
      41.962,
      42.218,
      42.69,
      43.388,
      43.624,
      44.22,
      44.786,
      44.832,
      45.234,
      45.778,
      46.168,
      46.63,
      47.194,
      47.458,
      47.692,
      48.354,
      48.858,
      49.156,
      49.222,
      49.934,
      50.288,
      50.534,
      51.064,
      51.382
    ],
    "test_loss": [
      2.302295077723055,
      2.301408025022513,
      2.3006150486370247,
      2.299850398359207,
      2.2990286136968447,
      2.298080907462123,
      2.296937512132687,
      2.295520764951127,
      2.2936986513412037,
      2.2913189482765075,
      2.2882521312457684,
      2.2842230926306484,
      2.278886133108657,
      2.2719131178749254,
      2.2629908738425746,
      2.2515497398071775,
      2.2379148615815767,
      2.2226073840936533,
      2.204663549368374,
      2.181913611987909,
      2.1506028533362733,
      2.1143156857536245,
      2.0859339823738074,
      2.070478917310794,
      2.0512232879480234,
      2.0292000542052637,
      2.0193684900911473,
      2.000200108979076,
      1.9805780915787425,
      1.9645514297790039,
      2.0069690142957546,
      1.921757058213694,
      1.8910683522970912,
      1.8586661686150792,
      1.8192992834999158,
      1.803690919480004,
      1.7922379193595424,
      1.7584393397687723,
      1.7292274906993292,
      1.7267461070618308,
      1.697480586390145,
      1.7074472915631134,
      1.6581740935389606,
      1.6548042167870762,
      1.6307423914583346,
      1.6280142103140347,
      1.612687822728873,
      1.6097451048537184,
      1.6058045888480288,
      1.5675605299373785,
      1.5597890935385952,
      1.5603283788449467,
      1.5393379092597352,
      1.5368190767666021,
      1.5403471183472168,
      1.5286263893968381,
      1.5445437713172108,
      1.5775113421888016,
      1.4987361324480928,
      1.4760531110885424,
      1.4930648293358069,
      1.463966745918932,
      1.46013975562379,
      1.4341942608927767,
      1.498682740778207,
      1.4180309465898873,
      1.4981131645056387,
      1.4105822647722384,
      1.4243002358716899,
      1.4067292849476727,
      1.388613870349555,
      1.4321853249979477,
      1.3973724455498278,
      1.3717448041081048,
      1.3517296803645051
    ],
    "test_acc": [
      10.0,
      10.0,
      10.0,
      10.0,
      10.1,
      12.6,
      12.95,
      13.14,
      13.04,
      13.44,
      14.03,
      14.27,
      14.89,
      15.24,
      15.94,
      16.29,
      16.62,
      16.88,
      17.66,
      19.04,
      20.65,
      21.37,
      21.56,
      22.83,
      22.85,
      23.8,
      23.95,
      24.88,
      25.21,
      25.86,
      23.77,
      27.87,
      28.01,
      29.27,
      30.08,
      30.93,
      30.82,
      32.93,
      33.77,
      34.52,
      35.79,
      34.74,
      37.32,
      37.28,
      39.02,
      38.67,
      39.46,
      40.08,
      39.63,
      41.47,
      41.98,
      41.41,
      42.79,
      42.26,
      42.19,
      42.97,
      42.89,
      42.02,
      44.78,
      45.54,
      44.53,
      45.88,
      46.38,
      47.08,
      45.64,
      47.67,
      45.45,
      48.13,
      47.75,
      47.74,
      49.1,
      48.04,
      49.65,
      50.7,
      50.44
    ]
  }
}