{
  "config": {
    "run_name": "exp1_2_L2_K32",
    "out_dir": "./results",
    "seed": 1164428002,
    "device": null,
    "bs_train": 128,
    "bs_test": 32,
    "batches": 100,
    "epochs": 75,
    "early_stopping": 5,
    "checkpoints": null,
    "lr": 0.0005,
    "reg": 0.002,
    "filters_per_layer": [
      32
    ],
    "pool_every": 4,
    "hidden_dims": [
      100
    ],
    "model_type": "cnn",
    "kw": {},
    "layers_per_block": 2
  },
  "results": {
    "num_epochs": 0,
    "train_loss": [
      2.233500486139751,
      1.9593301255379796,
      1.8569879912964218,
      1.7856493980988213,
      1.7194011833356775,
      1.658014660296233,
      1.6141312863210888,
      1.5705744720176054,
      1.531620186308156,
      1.4954055547714233,
      1.466518945401282,
      1.438022526938592,
      1.4147815356778977,
      1.3898346146659168,
      1.368440028651596,
      1.3471363538976215,
      1.3356638841921715,
      1.316154722362528,
      1.2976790828168239,
      1.2797618701939693,
      1.2639503546078186,
      1.2464601185620594,
      1.229477331461504,
      1.215851464692284,
      1.1991095420954478,
      1.1797561252208622,
      1.165045047355125,
      1.1485758132641883,
      1.1391820509720336,
      1.1201855939672427,
      1.1054803347953446,
      1.0923374903476453,
      1.0759057158704304,
      1.0624001419452755,
      1.0512528161868415,
      1.0427526006918124,
      1.0261168688764353,
      1.0138736408384865,
      0.9995830833454571,
      0.9881730456181499,
      0.9751771209794847,
      0.9642793769421785,
      0.9510409356383107,
      0.9375014021573469,
      0.9288234832646597,
      0.915203035944868,
      0.9026562518171032,
      0.8896513180354672,
      0.875494606811982,
      0.8616647981011959,
      0.8538904257137757,
      0.8388800210964954,
      0.8287426721104576,
      0.8128814253660724,
      0.8012872505980684,
      0.783839209610239,
      0.7750601709041449,
      0.7593100420044511,
      0.7450969380795803,
      0.7342276644828679,
      0.7213233969248164,
      0.7074965919984881,
      0.6921263962145656,
      0.6754562148962484,
      0.664032198355326,
      0.6468711403172339,
      0.6355773853066632,
      0.6222808109524914,
      0.6076868438659726,
      0.5939810898755212,
      0.5793092293507608,
      0.563048770894175,
      0.5465183939470355,
      0.5363711059245917,
      0.522158055430483
    ],
    "train_acc": [
      19.422,
      30.962,
      34.822,
      37.366,
      39.836,
      41.794,
      43.562,
      44.886,
      46.118,
      47.336,
      48.466,
      49.366,
      50.144,
      50.984,
      51.786,
      52.7,
      53.146,
      53.802,
      54.65,
      55.266,
      55.822,
      56.502,
      57.332,
      57.662,
      58.258,
      59.118,
      59.668,
      60.28,
      60.486,
      61.142,
      61.782,
      62.286,
      62.81,
      63.288,
      64.076,
      64.042,
      64.96,
      65.406,
      65.82,
      66.298,
      66.796,
      67.076,
      67.868,
      68.216,
      68.606,
      69.126,
      69.604,
      70.098,
      70.604,
      71.194,
      71.55,
      71.94,
      72.31,
      73.17,
      73.414,
      74.016,
      74.242,
      75.166,
      75.634,
      75.93,
      76.286,
      77.066,
      77.512,
      78.156,
      78.702,
      79.378,
      79.642,
      80.24,
      80.878,
      81.274,
      81.91,
      82.46,
      83.156,
      83.472,
      84.116
    ],
    "test_loss": [
      2.0740470052146303,
      1.8938050395764483,
      1.8121486384266863,
      1.7424177129428609,
      1.6760620632872414,
      1.6319078854478586,
      1.5895276648548846,
      1.5348412065079418,
      1.5100767143999045,
      1.4759705529426232,
      1.4550607950923542,
      1.4465165745716888,
      1.4169811724473873,
      1.383528040049556,
      1.3925766053672035,
      1.3643331556274487,
      1.35517025546144,
      1.3361233609933822,
      1.320153397112228,
      1.3053364982239355,
      1.291725495752816,
      1.2748733690371528,
      1.25975853014297,
      1.2395698986114405,
      1.2516254215194775,
      1.2245462152142874,
      1.220101068385493,
      1.2335389665902232,
      1.209330268751699,
      1.2078641133186536,
      1.19227661835119,
      1.1762013037364705,
      1.1639025340826747,
      1.1847589349213499,
      1.1761155339856497,
      1.168189346028593,
      1.1459965277403688,
      1.1457904803867158,
      1.1325726726184637,
      1.134443021239564,
      1.1463627282042093,
      1.1508715682136366,
      1.1236083117155984,
      1.1357041458352306,
      1.1713074984641882,
      1.1286531286879469,
      1.1152681725474591,
      1.1139197201012803,
      1.1009384704093201,
      1.1081509948157655,
      1.1096490278792457,
      1.133775846836285,
      1.1066099375772018,
      1.115857341609443,
      1.107984457153101,
      1.1095236941648368,
      1.139005675864296,
      1.1152641240971537,
      1.1096935239843666,
      1.1206747746696106,
      1.1270653995842979,
      1.1159867413889486,
      1.1210842189697412,
      1.1405985081157746,
      1.1517537803695606,
      1.1628792348761148,
      1.125814446625999,
      1.1388711849340616,
      1.1707441741094802,
      1.159464084683135,
      1.16083771856829,
      1.1790765208748584,
      1.2076200115414093,
      1.1906988666461298,
      1.1933316776927667
    ],
    "test_acc": [
      28.15,
      33.34,
      36.45,
      38.95,
      40.73,
      42.45,
      43.76,
      45.25,
      45.98,
      47.14,
      48.39,
      48.04,
      49.75,
      50.45,
      50.5,
      51.48,
      51.39,
      52.57,
      52.9,
      53.57,
      54.52,
      54.69,
      55.13,
      56.41,
      55.29,
      56.8,
      56.27,
      56.25,
      57.32,
      57.68,
      57.83,
      58.36,
      59.49,
      58.04,
      58.41,
      58.51,
      59.75,
      59.71,
      60.01,
      59.88,
      59.43,
      59.25,
      60.35,
      60.28,
      58.92,
      60.48,
      61.0,
      60.87,
      61.39,
      61.53,
      61.1,
      60.59,
      61.59,
      61.02,
      61.23,
      61.39,
      61.05,
      61.36,
      61.61,
      61.49,
      61.56,
      61.48,
      61.68,
      61.18,
      61.75,
      61.16,
      62.65,
      61.96,
      60.77,
      61.84,
      62.15,
      61.74,
      61.76,
      61.94,
      62.04
    ]
  }
}