{
  "config": {
    "run_name": "exp1_1_L8_K32",
    "out_dir": "./results",
    "seed": 1877935400,
    "device": null,
    "bs_train": 128,
    "bs_test": 32,
    "batches": 100,
    "epochs": 75,
    "early_stopping": 5,
    "checkpoints": null,
    "lr": 0.0005,
    "reg": 0.002,
    "filters_per_layer": [
      32
    ],
    "pool_every": 4,
    "hidden_dims": [
      100
    ],
    "model_type": "cnn",
    "kw": {},
    "layers_per_block": 8
  },
  "results": {
    "num_epochs": 0,
    "train_loss": [
      2.30339261028163,
      2.3030394221205848,
      2.302850104963688,
      2.3027453587183255,
      2.302684980280259,
      2.302651689485516,
      2.3026338032139537,
      2.3026207103143874,
      2.3026130046990825,
      2.3026135156831473,
      2.302608579625864,
      2.3026048929794976,
      2.302608200961062,
      2.302606718619461,
      2.3026060039734904,
      2.302607132650702,
      2.302605285668922,
      2.3026087467017993,
      2.302603820400775,
      2.302604358824318,
      2.302607086308472,
      2.302606211293994,
      2.3026059673875188,
      2.302605855800307,
      2.30260399540367,
      2.3026047344402887,
      2.3026055637223033,
      2.3026024728175014,
      2.302603266733077,
      2.302607095454965,
      2.302606508859893,
      2.3026042143097314,
      2.302605807628778,
      2.3026037082037965,
      2.3026080247386336,
      2.302604784441116,
      2.3026031319747498,
      2.302604959444012,
      2.3026045667545874,
      2.302603762472987,
      2.3026067649616913,
      2.3026034801512423,
      2.3026037124721594,
      2.302603925280559,
      2.3026037179600554,
      2.302605344816242,
      2.3026070625275907,
      2.302603605763077,
      2.3026036435685806,
      2.3026052606685083,
      2.3026064064191734,
      2.302604066136548,
      2.3026054240858462,
      2.302606137512285,
      2.3026040191845514,
      2.30260589848394,
      2.302604265530091,
      2.3026032289275733,
      2.302603227708041,
      2.3026045252904868,
      2.302604663097645,
      2.302603753326494,
      2.302602602087933,
      2.302603842352357,
      2.302603227708041,
      2.302601747195739,
      2.3026053692068893,
      2.3026059161671593,
      2.3026045240709543,
      2.302602347815433,
      2.302601730732052,
      2.302603293562789,
      2.302605091153508,
      2.3026037246674833,
      2.302602268545829
    ],
    "train_acc": [
      10.0,
      10.0,
      10.0,
      10.0,
      10.0,
      10.0,
      10.0,
      10.0,
      10.0,
      10.0,
      9.864,
      9.946,
      9.77,
      9.702,
      10.0,
      9.826,
      9.826,
      9.95,
      9.85,
      9.906,
      9.938,
      9.794,
      9.78,
      9.94,
      10.014,
      9.808,
      9.85,
      9.916,
      9.868,
      9.762,
      9.876,
      9.91,
      9.818,
      9.812,
      9.806,
      9.874,
      9.842,
      9.782,
      9.786,
      9.72,
      9.668,
      9.976,
      9.802,
      9.904,
      9.832,
      9.796,
      9.73,
      9.886,
      9.9,
      9.892,
      9.87,
      9.77,
      9.752,
      9.594,
      9.796,
      9.914,
      9.922,
      9.732,
      9.914,
      9.884,
      9.786,
      9.746,
      9.67,
      9.952,
      9.904,
      9.924,
      9.914,
      9.824,
      9.718,
      9.812,
      9.828,
      9.748,
      9.798,
      9.824,
      9.812
    ],
    "test_loss": [
      2.303146785059676,
      2.3028892952794084,
      2.30277457176306,
      2.3026810347462616,
      2.3026488139606514,
      2.302619458006594,
      2.3026065338914767,
      2.302597072558662,
      2.302590079962636,
      2.3025878085115083,
      2.3025888375961743,
      2.3025843030728472,
      2.3025848918829483,
      2.3025855515330744,
      2.3025848423711026,
      2.30258478524205,
      2.3025838148098785,
      2.3025845734836956,
      2.302584103502024,
      2.3025841286388067,
      2.3025840882676096,
      2.3025841872913007,
      2.3025843023111263,
      2.3025842032874353,
      2.3025842154749667,
      2.302584225377336,
      2.302584584909506,
      2.3025842893618744,
      2.302584278697785,
      2.302584463795915,
      2.3025845376828227,
      2.3025847265895565,
      2.3025845056905534,
      2.302584524733571,
      2.302584463795915,
      2.302584536921102,
      2.302584619948658,
      2.3025847463942943,
      2.302584613093172,
      2.3025848758868137,
      2.3025846542260897,
      2.3025845772922993,
      2.302584605475965,
      2.302584372389431,
      2.3025847395388084,
      2.302585088406889,
      2.302584864461003,
      2.3025846542260897,
      2.302584782956888,
      2.3025847258278356,
      2.3025848294218507,
      2.302585148582824,
      2.302585006141053,
      2.302585141727338,
      2.3025848781719755,
      2.3025848408476612,
      2.3025848812188583,
      2.302585037371602,
      2.302585247606515,
      2.302584920828335,
      2.3025855835253437,
      2.3025851790516523,
      2.3025851607703554,
      2.302584849226589,
      2.3025850213754673,
      2.302584907879083,
      2.3025847303981597,
      2.302584971101901,
      2.3025854928805805,
      2.302585390048286,
      2.302584986336315,
      2.302584862175841,
      2.3025850663169884,
      2.3025850625083852,
      2.3025851303015274
    ],
    "test_acc": [
      10.0,
      10.0,
      10.0,
      10.0,
      10.0,
      10.0,
      10.0,
      10.0,
      10.0,
      10.0,
      10.0,
      10.0,
      9.36,
      10.0,
      10.0,
      10.0,
      10.0,
      10.01,
      10.0,
      10.0,
      10.0,
      10.0,
      10.0,
      10.0,
      10.0,
      10.0,
      10.0,
      10.0,
      10.0,
      10.0,
      10.0,
      10.0,
      10.0,
      10.0,
      10.0,
      10.0,
      10.0,
      10.0,
      10.0,
      10.0,
      10.0,
      10.0,
      10.0,
      10.0,
      10.0,
      10.0,
      10.0,
      10.0,
      10.0,
      10.0,
      10.0,
      10.0,
      10.0,
      10.0,
      10.0,
      10.0,
      10.0,
      10.0,
      10.0,
      10.0,
      10.0,
      10.0,
      10.0,
      10.0,
      10.0,
      10.0,
      10.0,
      10.0,
      10.0,
      10.0,
      10.0,
      10.0,
      10.0,
      10.0,
      10.0
    ]
  }
}