{
  "config": {
    "run_name": "exp1_3_L3_K64-128",
    "out_dir": "./results",
    "seed": 2128087610,
    "device": null,
    "bs_train": 128,
    "bs_test": 32,
    "batches": 100,
    "epochs": 75,
    "early_stopping": 30,
    "checkpoints": null,
    "lr": 0.0005,
    "reg": 0.002,
    "filters_per_layer": [
      64,
      128
    ],
    "pool_every": 4,
    "hidden_dims": [
      100
    ],
    "model_type": "cnn",
    "kw": {},
    "layers_per_block": 3
  },
  "results": {
    "num_epochs": 0,
    "train_loss": [
      2.3042086067102145,
      2.3034138258765724,
      2.3028796219155003,
      2.3023943321784133,
      2.3017337383211727,
      2.300304703090502,
      2.2955571934390253,
      2.2578714040234265,
      2.064927992918302,
      1.9519734123478765,
      1.8825401595181517,
      1.8062655038540931,
      1.7283145430142923,
      1.6699699776251908,
      1.635837086631209,
      1.5909883024747415,
      1.5587508019888798,
      1.5227904289274874,
      1.496535907620969,
      1.4690401383373133,
      1.446070416809043,
      1.4257786844087683,
      1.4077001935075921,
      1.3880497820846869,
      1.3630486360901153,
      1.3397405708537382,
      1.3193329377552432,
      1.2962753047113833,
      1.273352280907009,
      1.2570188949480081,
      1.2385859151020684,
      1.2178421980889558,
      1.1958094527349448,
      1.177086614891696,
      1.1555186845457461,
      1.128405493238698,
      1.108168943763694,
      1.0876146995502969,
      1.065927048168524,
      1.0411550968199434,
      1.0210569232626034,
      1.0021045907683994,
      0.9706262632099258,
      0.949084439241063,
      0.9282699971247816,
      0.9004612022348683,
      0.8740764935608105,
      0.8448191884228641,
      0.8193606822691915,
      0.7859465620096993,
      0.7525700445065413,
      0.7211139189922596,
      0.6779647206558901,
      0.6518246119894335,
      0.6082246952959339,
      0.5724643265347347,
      0.5321155159979525,
      0.4913868097697987,
      0.4403557371148063,
      0.401834134288761,
      0.3623014874851612,
      0.319785467842046,
      0.28364854799512096,
      0.2508917354485568,
      0.22042891139264606,
      0.19455054047924783,
      0.17132818355889576,
      0.148638085083431,
      0.12760519068640516,
      0.10635311780568889,
      0.08845813813454964,
      0.0769486197930239,
      0.07873335849884373,
      0.057996136331668745,
      0.06280105687020456
    ],
    "train_acc": [
      10.0,
      10.0,
      10.0,
      10.0,
      10.0,
      11.84,
      13.85,
      15.81,
      25.82,
      29.842,
      32.706,
      35.654,
      39.132,
      41.198,
      42.568,
      44.254,
      45.004,
      46.32,
      47.224,
      48.268,
      48.894,
      49.94,
      50.708,
      51.162,
      52.352,
      53.05,
      54.0,
      54.654,
      55.576,
      56.254,
      56.946,
      57.952,
      58.662,
      59.35,
      60.268,
      61.168,
      62.078,
      62.72,
      63.45,
      64.57,
      65.244,
      66.018,
      67.258,
      67.908,
      68.848,
      69.916,
      71.16,
      72.22,
      72.956,
      74.23,
      75.592,
      76.924,
      78.54,
      79.342,
      81.12,
      82.78,
      84.12,
      85.734,
      87.566,
      89.26,
      90.546,
      92.208,
      93.43,
      94.478,
      95.582,
      96.33,
      97.1,
      97.662,
      98.206,
      98.762,
      99.134,
      99.296,
      99.324,
      99.64,
      99.584
    ],
    "test_loss": [
      2.3037078898554793,
      2.3030810493249865,
      2.302625792475935,
      2.30207616604936,
      2.3011662365910346,
      2.298850281931722,
      2.289000619333773,
      2.183833827606786,
      1.9796045561568043,
      1.8987965602844288,
      1.8347454714698914,
      1.732375524676265,
      1.710419154776552,
      1.6373127070478737,
      1.6195972544697528,
      1.5499405822814845,
      1.5377521716748563,
      1.5530080741967638,
      1.4884944316297293,
      1.4655643297841374,
      1.434853699070196,
      1.4234159866841838,
      1.4182434959914356,
      1.4094557301304973,
      1.3652060405134012,
      1.3659907882205975,
      1.3341841882410141,
      1.329363262881867,
      1.2977471540149408,
      1.2987240103487008,
      1.2980951061264014,
      1.2954704550127634,
      1.2701213828290994,
      1.245344684718135,
      1.2753715536084038,
      1.2561751394607008,
      1.2577583348027432,
      1.238623763996953,
      1.2140743503936182,
      1.2289368944427075,
      1.2690745098903156,
      1.2129852716534282,
      1.2405780134871365,
      1.2086835244593148,
      1.2209498288151555,
      1.2072220376124396,
      1.2281439289117393,
      1.2342347828344034,
      1.2356994767158558,
      1.2670772974483502,
      1.2467198130040884,
      1.2765241474770128,
      1.3016493394732855,
      1.3523789964164028,
      1.426909740930929,
      1.4101106092190971,
      1.4286359137239548,
      1.5847685853132425,
      1.566302372815129,
      1.6708263208310064,
      1.7161528624284763,
      1.854077256240022,
      1.9524304866790771,
      2.0972474066975018,
      2.0813343705841527,
      2.375088425680471,
      2.372708661297259,
      2.5236243710350306,
      2.539196186743605,
      2.7940883764062825,
      2.841408379542561,
      3.0002086116863897,
      3.027847072948663,
      3.1240100647313906,
      3.131455567126838
    ],
    "test_acc": [
      10.0,
      10.0,
      10.0,
      10.0,
      10.0,
      14.37,
      14.26,
      20.71,
      28.93,
      31.79,
      34.46,
      38.97,
      39.52,
      42.39,
      42.89,
      45.08,
      45.01,
      44.72,
      47.27,
      48.47,
      49.31,
      49.71,
      49.66,
      50.02,
      52.05,
      51.37,
      53.29,
      53.4,
      54.38,
      54.4,
      54.04,
      54.28,
      55.67,
      56.48,
      55.09,
      55.51,
      55.54,
      57.0,
      57.51,
      57.32,
      55.84,
      57.76,
      56.78,
      58.09,
      57.95,
      57.67,
      58.45,
      58.3,
      58.33,
      58.33,
      58.42,
      58.56,
      57.78,
      58.22,
      57.56,
      58.34,
      58.24,
      56.95,
      58.04,
      57.76,
      57.96,
      57.36,
      57.28,
      56.69,
      57.26,
      56.01,
      57.38,
      57.27,
      56.86,
      57.29,
      57.24,
      56.81,
      57.67,
      57.46,
      57.37
    ]
  }
}