{
  "config": {
    "run_name": "exp1_1_L16_K64",
    "out_dir": "./results",
    "seed": 427010879,
    "device": null,
    "bs_train": 128,
    "bs_test": 32,
    "batches": 100,
    "epochs": 75,
    "early_stopping": 5,
    "checkpoints": null,
    "lr": 0.0005,
    "reg": 0.002,
    "filters_per_layer": [
      64
    ],
    "pool_every": 4,
    "hidden_dims": [
      100
    ],
    "model_type": "cnn",
    "kw": {},
    "layers_per_block": 16
  },
  "results": {
    "num_epochs": 0,
    "train_loss": [
      2.3042648192256916,
      2.303593133111744,
      2.303197393636874,
      2.3029700569484546,
      2.302818823958297,
      2.302734238412374,
      2.3026846778362304,
      2.3026523266911814,
      2.302638516706579,
      2.30262542258748,
      2.3026150297325896,
      2.302611029666403,
      2.3026105912445147,
      2.302608629016925,
      2.3026075064373748,
      2.3026098119633276,
      2.302605641162609,
      2.3026060509254864,
      2.3026055521367454,
      2.3026061460490115,
      2.302605311888868,
      2.3026069960630764,
      2.3026051283492457,
      2.302606421663328,
      2.3026028612385625,
      2.302604766757897,
      2.302604306994192,
      2.3026033222218,
      2.3026049448096235,
      2.3026055289656306,
      2.30260336856403,
      2.3026039594274654,
      2.3026045198025913,
      2.302605573478562,
      2.3026057259201087,
      2.302605198472357,
      2.302602128909372,
      2.3026048832232386,
      2.3026026679426814,
      2.302602516720667,
      2.3026036764959543,
      2.3026038978410805,
      2.302604404556782,
      2.3026039844278787,
      2.3026052063993174,
      2.3026044490697135,
      2.3026045143146954,
      2.302604972858868,
      2.3026041368694257,
      2.3026047740750912,
      2.3026009307188144,
      2.3026031868537062,
      2.302604493582645,
      2.30260414418662,
      2.3026048222466198,
      2.302605211277447,
      2.3026058301901267,
      2.3026057673842097,
      2.302604428337663,
      2.3026057807990656,
      2.302604271627753,
      2.30260163194993,
      2.302605255790379,
      2.3026035222251093,
      2.302602713065379,
      2.302604435045091,
      2.302603652105307,
      2.302602938069102,
      2.302601417921998,
      2.3026022283012604,
      2.3026008288878614,
      2.30260544908626,
      2.3026025703800914,
      2.3026025709898574,
      2.3026053624994614
    ],
    "train_acc": [
      10.0,
      10.0,
      10.0,
      10.0,
      9.852,
      9.88,
      10.0,
      9.942,
      10.0,
      9.958,
      9.94,
      10.0,
      9.864,
      9.828,
      9.962,
      9.89,
      9.804,
      9.804,
      9.772,
      9.806,
      9.908,
      9.77,
      9.736,
      9.884,
      9.908,
      9.802,
      9.862,
      9.91,
      9.84,
      9.806,
      9.756,
      9.762,
      9.806,
      9.638,
      9.656,
      9.812,
      9.752,
      9.81,
      9.874,
      9.888,
      9.932,
      9.802,
      9.826,
      9.832,
      9.642,
      9.928,
      9.794,
      9.77,
      9.886,
      9.69,
      9.834,
      9.77,
      9.774,
      9.812,
      9.844,
      9.85,
      9.67,
      9.63,
      9.778,
      9.81,
      9.706,
      9.886,
      9.904,
      9.772,
      9.868,
      9.658,
      9.692,
      9.82,
      9.9,
      9.764,
      9.68,
      9.862,
      9.832,
      9.77,
      9.748
    ],
    "test_loss": [
      2.3038580828962236,
      2.3033468700445496,
      2.303036227393836,
      2.302868082881355,
      2.302740638629316,
      2.3026912623701006,
      2.302646087000545,
      2.3026182156401322,
      2.3026091016519565,
      2.3025982357061707,
      2.3025931527439396,
      2.302590223927848,
      2.3025886007010365,
      2.3025878740194887,
      2.3025864800706075,
      2.3025865577661193,
      2.3025857899516535,
      2.30258548145477,
      2.302585438798411,
      2.302585280360505,
      2.3025859872373147,
      2.3025851203991583,
      2.302585773193798,
      2.3025856071386857,
      2.302585365673224,
      2.302585367196665,
      2.302585221708011,
      2.3025855606737227,
      2.3025855233494084,
      2.3025845407297054,
      2.3025846808863144,
      2.3025850312778364,
      2.302585166864121,
      2.3025849368244695,
      2.30258505717634,
      2.3025852369424253,
      2.302585135633572,
      2.302585221708011,
      2.3025851447742207,
      2.3025850899303304,
      2.3025853412981614,
      2.30258484998831,
      2.302585377860755,
      2.302585559912002,
      2.3025851965712283,
      2.30258504651225,
      2.3025852735050187,
      2.30258563379891,
      2.302585423563997,
      2.3025850533677366,
      2.302585397665493,
      2.3025853588177374,
      2.302585194286066,
      2.3025851562000312,
      2.3025854121381863,
      2.3025853991889345,
      2.302585095262375,
      2.3025848233280852,
      2.3025854570797075,
      2.302585357294296,
      2.3025852331338217,
      2.3025851272546447,
      2.3025853222551436,
      2.302584795144419,
      2.3025854875485354,
      2.3025851501062657,
      2.302585652080207,
      2.3025854525093834,
      2.3025850792662403,
      2.3025851569617517,
      2.302585151629707,
      2.3025849063556416,
      2.3025853984272135,
      2.30258520952048,
      2.3025851874305796
    ],
    "test_acc": [
      10.0,
      10.0,
      10.0,
      10.0,
      10.0,
      10.0,
      10.0,
      10.0,
      10.0,
      10.0,
      10.0,
      10.0,
      10.0,
      10.0,
      10.0,
      10.0,
      10.0,
      10.0,
      10.0,
      10.0,
      10.0,
      10.0,
      10.0,
      10.0,
      10.0,
      10.0,
      10.0,
      10.0,
      10.0,
      10.0,
      10.0,
      10.0,
      10.0,
      10.0,
      10.0,
      10.0,
      10.0,
      10.0,
      10.0,
      10.0,
      10.0,
      10.0,
      10.0,
      10.0,
      10.0,
      10.0,
      10.0,
      10.0,
      10.0,
      10.0,
      10.0,
      10.0,
      10.0,
      10.0,
      10.0,
      10.0,
      10.0,
      10.0,
      10.0,
      10.0,
      10.0,
      10.0,
      10.0,
      10.0,
      10.0,
      10.0,
      10.0,
      10.0,
      10.0,
      10.0,
      10.0,
      10.0,
      10.0,
      10.0,
      10.0
    ]
  }
}